time_us,event_type,seq,board_time_us,reference_time_us,pps_status,note
0,PPS_EDGE,0,0,197,1,
10000,IMU_SAMPLE,1,10000,,0,
20000,IMU_SAMPLE,2,20000,,0,
30000,IMU_SAMPLE,3,30000,,0,
40000,IMU_SAMPLE,4,40000,,0,
50000,IMU_SAMPLE,5,50000,,0,
60000,IMU_SAMPLE,6,60000,,0,
70000,IMU_SAMPLE,7,70000,,0,
80000,IMU_SAMPLE,8,80000,,0,
90000,IMU_SAMPLE,9,90000,,0,
100000,IMU_SAMPLE,10,100000,,0,
110000,IMU_SAMPLE,11,110000,,0,
120000,IMU_SAMPLE,12,120000,,0,
130000,IMU_SAMPLE,13,130000,,0,
140000,IMU_SAMPLE,14,140000,,0,
150000,IMU_SAMPLE,15,150000,,0,
160000,IMU_SAMPLE,16,160000,,0,
170000,IMU_SAMPLE,17,170000,,0,
180000,IMU_SAMPLE,18,180000,,0,
190000,IMU_SAMPLE,19,190000,,0,
200000,IMU_SAMPLE,20,200000,,0,
210000,IMU_SAMPLE,21,210000,,0,
220000,IMU_SAMPLE,22,220000,,0,
230000,IMU_SAMPLE,23,230000,,0,
240000,IMU_SAMPLE,24,240000,,0,
250000,IMU_SAMPLE,25,250000,,0,
260000,IMU_SAMPLE,26,260000,,0,
270000,IMU_SAMPLE,27,270000,,0,
280000,IMU_SAMPLE,28,280000,,0,
290000,IMU_SAMPLE,29,290000,,0,
300000,IMU_SAMPLE,30,300000,,0,
310000,IMU_SAMPLE,31,310000,,0,
320000,IMU_SAMPLE,32,320000,,0,
330000,IMU_SAMPLE,33,330000,,0,
340000,IMU_SAMPLE,34,340000,,0,
350000,IMU_SAMPLE,35,350000,,0,
360000,IMU_SAMPLE,36,360000,,0,
370000,IMU_SAMPLE,37,370000,,0,
380000,IMU_SAMPLE,38,380000,,0,
390000,IMU_SAMPLE,39,390000,,0,
400000,IMU_SAMPLE,40,400000,,0,
410000,IMU_SAMPLE,41,410000,,0,
420000,IMU_SAMPLE,42,420000,,0,
430000,IMU_SAMPLE,43,430000,,0,
440000,IMU_SAMPLE,44,440000,,0,
450000,IMU_SAMPLE,45,450000,,0,
460000,IMU_SAMPLE,46,460000,,0,
470000,IMU_SAMPLE,47,470000,,0,
480000,IMU_SAMPLE,48,480000,,0,
490000,IMU_SAMPLE,49,490000,,0,
500000,IMU_SAMPLE,50,500000,,0,
510000,IMU_SAMPLE,51,510000,,0,
520000,IMU_SAMPLE,52,520000,,0,
530000,IMU_SAMPLE,53,530000,,0,
540000,IMU_SAMPLE,54,540000,,0,
550000,IMU_SAMPLE,55,550000,,0,
560000,IMU_SAMPLE,56,560000,,0,
570000,IMU_SAMPLE,57,570000,,0,
580000,IMU_SAMPLE,58,580000,,0,
590000,IMU_SAMPLE,59,590000,,0,
600000,IMU_SAMPLE,60,600000,,0,
610000,IMU_SAMPLE,61,610000,,0,
620000,IMU_SAMPLE,62,620000,,0,
630000,IMU_SAMPLE,63,630000,,0,
640000,IMU_SAMPLE,64,640000,,0,
650000,IMU_SAMPLE,65,650000,,0,
660000,IMU_SAMPLE,66,660000,,0,
670000,IMU_SAMPLE,67,670000,,0,
680000,IMU_SAMPLE,68,680000,,0,
690000,IMU_SAMPLE,69,690000,,0,
700000,IMU_SAMPLE,70,700000,,0,
710000,IMU_SAMPLE,71,710000,,0,
720000,IMU_SAMPLE,72,720000,,0,
730000,IMU_SAMPLE,73,730000,,0,
740000,IMU_SAMPLE,74,740000,,0,
750000,IMU_SAMPLE,75,750000,,0,
760000,IMU_SAMPLE,76,760000,,0,
770000,IMU_SAMPLE,77,770000,,0,
780000,IMU_SAMPLE,78,780000,,0,
790000,IMU_SAMPLE,79,790000,,0,
800000,IMU_SAMPLE,80,800000,,0,
810000,IMU_SAMPLE,81,810000,,0,
820000,IMU_SAMPLE,82,820000,,0,
830000,IMU_SAMPLE,83,830000,,0,
840000,IMU_SAMPLE,84,840000,,0,
850000,IMU_SAMPLE,85,850000,,0,
860000,IMU_SAMPLE,86,860000,,0,
870000,IMU_SAMPLE,87,870000,,0,
880000,IMU_SAMPLE,88,880000,,0,
890000,IMU_SAMPLE,89,890000,,0,
900000,IMU_SAMPLE,90,900000,,0,
910000,IMU_SAMPLE,91,910000,,0,
920000,IMU_SAMPLE,92,920000,,0,
930000,IMU_SAMPLE,93,930000,,0,
940000,IMU_SAMPLE,94,940000,,0,
950000,IMU_SAMPLE,95,950000,,0,
960000,IMU_SAMPLE,96,960000,,0,
970000,IMU_SAMPLE,97,970000,,0,
980000,IMU_SAMPLE,98,980000,,0,
990000,IMU_SAMPLE,99,990000,,0,
1000000,PPS_EDGE,100,1000000,1000196,1,
1010000,IMU_SAMPLE,101,1010000,,0,
1020000,IMU_SAMPLE,102,1020000,,0,
1030000,IMU_SAMPLE,103,1030000,,0,
1040000,IMU_SAMPLE,104,1040000,,0,
1050000,IMU_SAMPLE,105,1050000,,0,
1060000,IMU_SAMPLE,106,1060000,,0,
1070000,IMU_SAMPLE,107,1070000,,0,
1080000,IMU_SAMPLE,108,1080000,,0,
1090000,IMU_SAMPLE,109,1090000,,0,
1100000,IMU_SAMPLE,110,1100000,,0,
1110000,IMU_SAMPLE,111,1110000,,0,
1120000,IMU_SAMPLE,112,1120000,,0,
1130000,IMU_SAMPLE,113,1130000,,0,
1140000,IMU_SAMPLE,114,1140000,,0,
1150000,IMU_SAMPLE,115,1150000,,0,
1160000,IMU_SAMPLE,116,1160000,,0,
1170000,IMU_SAMPLE,117,1170000,,0,
1180000,IMU_SAMPLE,118,1180000,,0,
1190000,IMU_SAMPLE,119,1190000,,0,
1200000,IMU_SAMPLE,120,1200000,,0,
1210000,IMU_SAMPLE,121,1210000,,0,
1220000,IMU_SAMPLE,122,1220000,,0,
1230000,IMU_SAMPLE,123,1230000,,0,
1240000,IMU_SAMPLE,124,1240000,,0,
1250000,IMU_SAMPLE,125,1250000,,0,
1260000,IMU_SAMPLE,126,1260000,,0,
1270000,IMU_SAMPLE,127,1270000,,0,
1280000,IMU_SAMPLE,128,1280000,,0,
1290000,IMU_SAMPLE,129,1290000,,0,
1300000,IMU_SAMPLE,130,1300000,,0,
1310000,IMU_SAMPLE,131,1310000,,0,
1320000,IMU_SAMPLE,132,1320000,,0,
1330000,IMU_SAMPLE,133,1330000,,0,
1340000,IMU_SAMPLE,134,1340000,,0,
1350000,IMU_SAMPLE,135,1350000,,0,
1360000,IMU_SAMPLE,136,1360000,,0,
1370000,IMU_SAMPLE,137,1370000,,0,
1380000,IMU_SAMPLE,138,1380000,,0,
1390000,IMU_SAMPLE,139,1390000,,0,
1400000,IMU_SAMPLE,140,1400000,,0,
1410000,IMU_SAMPLE,141,1410000,,0,
1420000,IMU_SAMPLE,142,1420000,,0,
1430000,IMU_SAMPLE,143,1430000,,0,
1440000,IMU_SAMPLE,144,1440000,,0,
1450000,IMU_SAMPLE,145,1450000,,0,
1460000,IMU_SAMPLE,146,1460000,,0,
1470000,IMU_SAMPLE,147,1470000,,0,
1480000,IMU_SAMPLE,148,1480000,,0,
1490000,IMU_SAMPLE,149,1490000,,0,
1500000,IMU_SAMPLE,150,1500000,,0,
1510000,IMU_SAMPLE,151,1510000,,0,
1520000,IMU_SAMPLE,152,1520000,,0,
1530000,IMU_SAMPLE,153,1530000,,0,
1540000,IMU_SAMPLE,154,1540000,,0,
1550000,IMU_SAMPLE,155,1550000,,0,
1560000,IMU_SAMPLE,156,1560000,,0,
1570000,IMU_SAMPLE,157,1570000,,0,
1580000,IMU_SAMPLE,158,1580000,,0,
1590000,IMU_SAMPLE,159,1590000,,0,
1600000,IMU_SAMPLE,160,1600000,,0,
1610000,IMU_SAMPLE,161,1610000,,0,
1620000,IMU_SAMPLE,162,1620000,,0,
1630000,IMU_SAMPLE,163,1630000,,0,
1640000,IMU_SAMPLE,164,1640000,,0,
1650000,IMU_SAMPLE,165,1650000,,0,
1660000,IMU_SAMPLE,166,1660000,,0,
1670000,IMU_SAMPLE,167,1670000,,0,
1680000,IMU_SAMPLE,168,1680000,,0,
1690000,IMU_SAMPLE,169,1690000,,0,
1700000,IMU_SAMPLE,170,1700000,,0,
1710000,IMU_SAMPLE,171,1710000,,0,
1720000,IMU_SAMPLE,172,1720000,,0,
1730000,IMU_SAMPLE,173,1730000,,0,
1740000,IMU_SAMPLE,174,1740000,,0,
1750000,IMU_SAMPLE,175,1750000,,0,
1760000,IMU_SAMPLE,176,1760000,,0,
1770000,IMU_SAMPLE,177,1770000,,0,
1780000,IMU_SAMPLE,178,1780000,,0,
1790000,IMU_SAMPLE,179,1790000,,0,
1800000,IMU_SAMPLE,180,1800000,,0,
1810000,IMU_SAMPLE,181,1810000,,0,
1820000,IMU_SAMPLE,182,1820000,,0,
1830000,IMU_SAMPLE,183,1830000,,0,
1840000,IMU_SAMPLE,184,1840000,,0,
1850000,IMU_SAMPLE,185,1850000,,0,
1860000,IMU_SAMPLE,186,1860000,,0,
1870000,IMU_SAMPLE,187,1870000,,0,
1880000,IMU_SAMPLE,188,1880000,,0,
1890000,IMU_SAMPLE,189,1890000,,0,
1900000,IMU_SAMPLE,190,1900000,,0,
1910000,IMU_SAMPLE,191,1910000,,0,
1920000,IMU_SAMPLE,192,1920000,,0,
1930000,IMU_SAMPLE,193,1930000,,0,
1940000,IMU_SAMPLE,194,1940000,,0,
1950000,IMU_SAMPLE,195,1950000,,0,
1960000,IMU_SAMPLE,196,1960000,,0,
1970000,IMU_SAMPLE,197,1970000,,0,
1980000,IMU_SAMPLE,198,1980000,,0,
1990000,IMU_SAMPLE,199,1990000,,0,
2000000,PPS_EDGE,200,2000000,2000197,1,
2010000,IMU_SAMPLE,201,2010000,,0,
2020000,IMU_SAMPLE,202,2020000,,0,
2030000,IMU_SAMPLE,203,2030000,,0,
2040000,IMU_SAMPLE,204,2040000,,0,
2050000,IMU_SAMPLE,205,2050000,,0,
2060000,IMU_SAMPLE,206,2060000,,0,
2070000,IMU_SAMPLE,207,2070000,,0,
2080000,IMU_SAMPLE,208,2080000,,0,
2090000,IMU_SAMPLE,209,2090000,,0,
2100000,IMU_SAMPLE,210,2100000,,0,
2110000,IMU_SAMPLE,211,2110000,,0,
2120000,IMU_SAMPLE,212,2120000,,0,
2130000,IMU_SAMPLE,213,2130000,,0,
2140000,IMU_SAMPLE,214,2140000,,0,
2150000,IMU_SAMPLE,215,2150000,,0,
2160000,IMU_SAMPLE,216,2160000,,0,
2170000,IMU_SAMPLE,217,2170000,,0,
2180000,IMU_SAMPLE,218,2180000,,0,
2190000,IMU_SAMPLE,219,2190000,,0,
2200000,IMU_SAMPLE,220,2200000,,0,
2210000,IMU_SAMPLE,221,2210000,,0,
2220000,IMU_SAMPLE,222,2220000,,0,
2230000,IMU_SAMPLE,223,2230000,,0,
2240000,IMU_SAMPLE,224,2240000,,0,
2250000,IMU_SAMPLE,225,2250000,,0,
2260000,IMU_SAMPLE,226,2260000,,0,
2270000,IMU_SAMPLE,227,2270000,,0,
2280000,IMU_SAMPLE,228,2280000,,0,
2290000,IMU_SAMPLE,229,2290000,,0,
2300000,IMU_SAMPLE,230,2300000,,0,
2310000,IMU_SAMPLE,231,2310000,,0,
2320000,IMU_SAMPLE,232,2320000,,0,
2330000,IMU_SAMPLE,233,2330000,,0,
2340000,IMU_SAMPLE,234,2340000,,0,
2350000,IMU_SAMPLE,235,2350000,,0,
2360000,IMU_SAMPLE,236,2360000,,0,
2370000,IMU_SAMPLE,237,2370000,,0,
2380000,IMU_SAMPLE,238,2380000,,0,
2390000,IMU_SAMPLE,239,2390000,,0,
2400000,IMU_SAMPLE,240,2400000,,0,
2410000,IMU_SAMPLE,241,2410000,,0,
2420000,IMU_SAMPLE,242,2420000,,0,
2430000,IMU_SAMPLE,243,2430000,,0,
2440000,IMU_SAMPLE,244,2440000,,0,
2450000,IMU_SAMPLE,245,2450000,,0,
2460000,IMU_SAMPLE,246,2460000,,0,
2470000,IMU_SAMPLE,247,2470000,,0,
2480000,IMU_SAMPLE,248,2480000,,0,
2490000,IMU_SAMPLE,249,2490000,,0,
2500000,IMU_SAMPLE,250,2500000,,0,
2510000,IMU_SAMPLE,251,2510000,,0,
2520000,IMU_SAMPLE,252,2520000,,0,
2530000,IMU_SAMPLE,253,2530000,,0,
2540000,IMU_SAMPLE,254,2540000,,0,
2550000,IMU_SAMPLE,255,2550000,,0,
2560000,IMU_SAMPLE,256,2560000,,0,
2570000,IMU_SAMPLE,257,2570000,,0,
2580000,IMU_SAMPLE,258,2580000,,0,
2590000,IMU_SAMPLE,259,2590000,,0,
2600000,IMU_SAMPLE,260,2600000,,0,
2610000,IMU_SAMPLE,261,2610000,,0,
2620000,IMU_SAMPLE,262,2620000,,0,
2630000,IMU_SAMPLE,263,2630000,,0,
2640000,IMU_SAMPLE,264,2640000,,0,
2650000,IMU_SAMPLE,265,2650000,,0,
2660000,IMU_SAMPLE,266,2660000,,0,
2670000,IMU_SAMPLE,267,2670000,,0,
2680000,IMU_SAMPLE,268,2680000,,0,
2690000,IMU_SAMPLE,269,2690000,,0,
2700000,IMU_SAMPLE,270,2700000,,0,
2710000,IMU_SAMPLE,271,2710000,,0,
2720000,IMU_SAMPLE,272,2720000,,0,
2730000,IMU_SAMPLE,273,2730000,,0,
2740000,IMU_SAMPLE,274,2740000,,0,
2750000,IMU_SAMPLE,275,2750000,,0,
2760000,IMU_SAMPLE,276,2760000,,0,
2770000,IMU_SAMPLE,277,2770000,,0,
2780000,IMU_SAMPLE,278,2780000,,0,
2790000,IMU_SAMPLE,279,2790000,,0,
2800000,IMU_SAMPLE,280,2800000,,0,
2810000,IMU_SAMPLE,281,2810000,,0,
2820000,IMU_SAMPLE,282,2820000,,0,
2830000,IMU_SAMPLE,283,2830000,,0,
2840000,IMU_SAMPLE,284,2840000,,0,
2850000,IMU_SAMPLE,285,2850000,,0,
2860000,IMU_SAMPLE,286,2860000,,0,
2870000,IMU_SAMPLE,287,2870000,,0,
2880000,IMU_SAMPLE,288,2880000,,0,
2890000,IMU_SAMPLE,289,2890000,,0,
2900000,IMU_SAMPLE,290,2900000,,0,
2910000,IMU_SAMPLE,291,2910000,,0,
2920000,IMU_SAMPLE,292,2920000,,0,
2930000,IMU_SAMPLE,293,2930000,,0,
2940000,IMU_SAMPLE,294,2940000,,0,
2950000,IMU_SAMPLE,295,2950000,,0,
2960000,IMU_SAMPLE,296,2960000,,0,
2970000,IMU_SAMPLE,297,2970000,,0,
2980000,IMU_SAMPLE,298,2980000,,0,
2990000,IMU_SAMPLE,299,2990000,,0,
3000000,PPS_EDGE,300,3000000,3000214,1,
3010000,IMU_SAMPLE,301,3010000,,0,
3020000,IMU_SAMPLE,302,3020000,,0,
3030000,IMU_SAMPLE,303,3030000,,0,
3040000,IMU_SAMPLE,304,3040000,,0,
3050000,IMU_SAMPLE,305,3050000,,0,
3060000,IMU_SAMPLE,306,3060000,,0,
3070000,IMU_SAMPLE,307,3070000,,0,
3080000,IMU_SAMPLE,308,3080000,,0,
3090000,IMU_SAMPLE,309,3090000,,0,
3100000,IMU_SAMPLE,310,3100000,,0,
3110000,IMU_SAMPLE,311,3110000,,0,
3120000,IMU_SAMPLE,312,3120000,,0,
3130000,IMU_SAMPLE,313,3130000,,0,
3140000,IMU_SAMPLE,314,3140000,,0,
3150000,IMU_SAMPLE,315,3150000,,0,
3160000,IMU_SAMPLE,316,3160000,,0,
3170000,IMU_SAMPLE,317,3170000,,0,
3180000,IMU_SAMPLE,318,3180000,,0,
3190000,IMU_SAMPLE,319,3190000,,0,
3200000,IMU_SAMPLE,320,3200000,,0,
3210000,IMU_SAMPLE,321,3210000,,0,
3220000,IMU_SAMPLE,322,3220000,,0,
3230000,IMU_SAMPLE,323,3230000,,0,
3240000,IMU_SAMPLE,324,3240000,,0,
3250000,IMU_SAMPLE,325,3250000,,0,
3260000,IMU_SAMPLE,326,3260000,,0,
3270000,IMU_SAMPLE,327,3270000,,0,
3280000,IMU_SAMPLE,328,3280000,,0,
3290000,IMU_SAMPLE,329,3290000,,0,
3300000,IMU_SAMPLE,330,3300000,,0,
3310000,IMU_SAMPLE,331,3310000,,0,
3320000,IMU_SAMPLE,332,3320000,,0,
3330000,IMU_SAMPLE,333,3330000,,0,
3340000,IMU_SAMPLE,334,3340000,,0,
3350000,IMU_SAMPLE,335,3350000,,0,
3360000,IMU_SAMPLE,336,3360000,,0,
3370000,IMU_SAMPLE,337,3370000,,0,
3380000,IMU_SAMPLE,338,3380000,,0,
3390000,IMU_SAMPLE,339,3390000,,0,
3400000,IMU_SAMPLE,340,3400000,,0,
3410000,IMU_SAMPLE,341,3410000,,0,
3420000,IMU_SAMPLE,342,3420000,,0,
3430000,IMU_SAMPLE,343,3430000,,0,
3440000,IMU_SAMPLE,344,3440000,,0,
3450000,IMU_SAMPLE,345,3450000,,0,
3460000,IMU_SAMPLE,346,3460000,,0,
3470000,IMU_SAMPLE,347,3470000,,0,
3480000,IMU_SAMPLE,348,3480000,,0,
3490000,IMU_SAMPLE,349,3490000,,0,
3500000,IMU_SAMPLE,350,3500000,,0,
3510000,IMU_SAMPLE,351,3510000,,0,
3520000,IMU_SAMPLE,352,3520000,,0,
3530000,IMU_SAMPLE,353,3530000,,0,
3540000,IMU_SAMPLE,354,3540000,,0,
3550000,IMU_SAMPLE,355,3550000,,0,
3560000,IMU_SAMPLE,356,3560000,,0,
3570000,IMU_SAMPLE,357,3570000,,0,
3580000,IMU_SAMPLE,358,3580000,,0,
3590000,IMU_SAMPLE,359,3590000,,0,
3600000,IMU_SAMPLE,360,3600000,,0,
3610000,IMU_SAMPLE,361,3610000,,0,
3620000,IMU_SAMPLE,362,3620000,,0,
3630000,IMU_SAMPLE,363,3630000,,0,
3640000,IMU_SAMPLE,364,3640000,,0,
3650000,IMU_SAMPLE,365,3650000,,0,
3660000,IMU_SAMPLE,366,3660000,,0,
3670000,IMU_SAMPLE,367,3670000,,0,
3680000,IMU_SAMPLE,368,3680000,,0,
3690000,IMU_SAMPLE,369,3690000,,0,
3700000,IMU_SAMPLE,370,3700000,,0,
3710000,IMU_SAMPLE,371,3710000,,0,
3720000,IMU_SAMPLE,372,3720000,,0,
3730000,IMU_SAMPLE,373,3730000,,0,
3740000,IMU_SAMPLE,374,3740000,,0,
3750000,IMU_SAMPLE,375,3750000,,0,
3760000,IMU_SAMPLE,376,3760000,,0,
3770000,IMU_SAMPLE,377,3770000,,0,
3780000,IMU_SAMPLE,378,3780000,,0,
3790000,IMU_SAMPLE,379,3790000,,0,
3800000,IMU_SAMPLE,380,3800000,,0,
3810000,IMU_SAMPLE,381,3810000,,0,
3820000,IMU_SAMPLE,382,3820000,,0,
3830000,IMU_SAMPLE,383,3830000,,0,
3840000,IMU_SAMPLE,384,3840000,,0,
3850000,IMU_SAMPLE,385,3850000,,0,
3860000,IMU_SAMPLE,386,3860000,,0,
3870000,IMU_SAMPLE,387,3870000,,0,
3880000,IMU_SAMPLE,388,3880000,,0,
3890000,IMU_SAMPLE,389,3890000,,0,
3900000,IMU_SAMPLE,390,3900000,,0,
3910000,IMU_SAMPLE,391,3910000,,0,
3920000,IMU_SAMPLE,392,3920000,,0,
3930000,IMU_SAMPLE,393,3930000,,0,
3940000,IMU_SAMPLE,394,3940000,,0,
3950000,IMU_SAMPLE,395,3950000,,0,
3960000,IMU_SAMPLE,396,3960000,,0,
3970000,IMU_SAMPLE,397,3970000,,0,
3980000,IMU_SAMPLE,398,3980000,,0,
3990000,IMU_SAMPLE,399,3990000,,0,
4000000,PPS_EDGE,400,4000000,4000197,1,
4010000,IMU_SAMPLE,401,4010000,,0,
4020000,IMU_SAMPLE,402,4020000,,0,
4030000,IMU_SAMPLE,403,4030000,,0,
4040000,IMU_SAMPLE,404,4040000,,0,
4050000,IMU_SAMPLE,405,4050000,,0,
4060000,IMU_SAMPLE,406,4060000,,0,
4070000,IMU_SAMPLE,407,4070000,,0,
4080000,IMU_SAMPLE,408,4080000,,0,
4090000,IMU_SAMPLE,409,4090000,,0,
4100000,IMU_SAMPLE,410,4100000,,0,
4110000,IMU_SAMPLE,411,4110000,,0,
4120000,IMU_SAMPLE,412,4120000,,0,
4130000,IMU_SAMPLE,413,4130000,,0,
4140000,IMU_SAMPLE,414,4140000,,0,
4150000,IMU_SAMPLE,415,4150000,,0,
4160000,IMU_SAMPLE,416,4160000,,0,
4170000,IMU_SAMPLE,417,4170000,,0,
4180000,IMU_SAMPLE,418,4180000,,0,
4190000,IMU_SAMPLE,419,4190000,,0,
4200000,IMU_SAMPLE,420,4200000,,0,
4210000,IMU_SAMPLE,421,4210000,,0,
4220000,IMU_SAMPLE,422,4220000,,0,
4230000,IMU_SAMPLE,423,4230000,,0,
4240000,IMU_SAMPLE,424,4240000,,0,
4250000,IMU_SAMPLE,425,4250000,,0,
4260000,IMU_SAMPLE,426,4260000,,0,
4270000,IMU_SAMPLE,427,4270000,,0,
4280000,IMU_SAMPLE,428,4280000,,0,
4290000,IMU_SAMPLE,429,4290000,,0,
4300000,IMU_SAMPLE,430,4300000,,0,
4310000,IMU_SAMPLE,431,4310000,,0,
4320000,IMU_SAMPLE,432,4320000,,0,
4330000,IMU_SAMPLE,433,4330000,,0,
4340000,IMU_SAMPLE,434,4340000,,0,
4350000,IMU_SAMPLE,435,4350000,,0,
4360000,IMU_SAMPLE,436,4360000,,0,
4370000,IMU_SAMPLE,437,4370000,,0,
4380000,IMU_SAMPLE,438,4380000,,0,
4390000,IMU_SAMPLE,439,4390000,,0,
4400000,IMU_SAMPLE,440,4400000,,0,
4410000,IMU_SAMPLE,441,4410000,,0,
4420000,IMU_SAMPLE,442,4420000,,0,
4430000,IMU_SAMPLE,443,4430000,,0,
4440000,IMU_SAMPLE,444,4440000,,0,
4450000,IMU_SAMPLE,445,4450000,,0,
4460000,IMU_SAMPLE,446,4460000,,0,
4470000,IMU_SAMPLE,447,4470000,,0,
4480000,IMU_SAMPLE,448,4480000,,0,
4490000,IMU_SAMPLE,449,4490000,,0,
4500000,IMU_SAMPLE,450,4500000,,0,
4510000,IMU_SAMPLE,451,4510000,,0,
4520000,IMU_SAMPLE,452,4520000,,0,
4530000,IMU_SAMPLE,453,4530000,,0,
4540000,IMU_SAMPLE,454,4540000,,0,
4550000,IMU_SAMPLE,455,4550000,,0,
4560000,IMU_SAMPLE,456,4560000,,0,
4570000,IMU_SAMPLE,457,4570000,,0,
4580000,IMU_SAMPLE,458,4580000,,0,
4590000,IMU_SAMPLE,459,4590000,,0,
4600000,IMU_SAMPLE,460,4600000,,0,
4610000,IMU_SAMPLE,461,4610000,,0,
4620000,IMU_SAMPLE,462,4620000,,0,
4630000,IMU_SAMPLE,463,4630000,,0,
4640000,IMU_SAMPLE,464,4640000,,0,
4650000,IMU_SAMPLE,465,4650000,,0,
4660000,IMU_SAMPLE,466,4660000,,0,
4670000,IMU_SAMPLE,467,4670000,,0,
4680000,IMU_SAMPLE,468,4680000,,0,
4690000,IMU_SAMPLE,469,4690000,,0,
4700000,IMU_SAMPLE,470,4700000,,0,
4710000,IMU_SAMPLE,471,4710000,,0,
4720000,IMU_SAMPLE,472,4720000,,0,
4730000,IMU_SAMPLE,473,4730000,,0,
4740000,IMU_SAMPLE,474,4740000,,0,
4750000,IMU_SAMPLE,475,4750000,,0,
4760000,IMU_SAMPLE,476,4760000,,0,
4770000,IMU_SAMPLE,477,4770000,,0,
4780000,IMU_SAMPLE,478,4780000,,0,
4790000,IMU_SAMPLE,479,4790000,,0,
4800000,IMU_SAMPLE,480,4800000,,0,
4810000,IMU_SAMPLE,481,4810000,,0,
4820000,IMU_SAMPLE,482,4820000,,0,
4830000,IMU_SAMPLE,483,4830000,,0,
4840000,IMU_SAMPLE,484,4840000,,0,
4850000,IMU_SAMPLE,485,4850000,,0,
4860000,IMU_SAMPLE,486,4860000,,0,
4870000,IMU_SAMPLE,487,4870000,,0,
4880000,IMU_SAMPLE,488,4880000,,0,
4890000,IMU_SAMPLE,489,4890000,,0,
4900000,IMU_SAMPLE,490,4900000,,0,
4910000,IMU_SAMPLE,491,4910000,,0,
4920000,IMU_SAMPLE,492,4920000,,0,
4930000,IMU_SAMPLE,493,4930000,,0,
4940000,IMU_SAMPLE,494,4940000,,0,
4950000,IMU_SAMPLE,495,4950000,,0,
4960000,IMU_SAMPLE,496,4960000,,0,
4970000,IMU_SAMPLE,497,4970000,,0,
4980000,IMU_SAMPLE,498,4980000,,0,
4990000,IMU_SAMPLE,499,4990000,,0,
5000000,PPS_EDGE,500,5000000,5000170,1,
5010000,IMU_SAMPLE,501,5010000,,0,
5020000,IMU_SAMPLE,502,5020000,,0,
5030000,IMU_SAMPLE,503,5030000,,0,
5040000,IMU_SAMPLE,504,5040000,,0,
5050000,IMU_SAMPLE,505,5050000,,0,
5060000,IMU_SAMPLE,506,5060000,,0,
5070000,IMU_SAMPLE,507,5070000,,0,
5080000,IMU_SAMPLE,508,5080000,,0,
5090000,IMU_SAMPLE,509,5090000,,0,
5100000,IMU_SAMPLE,510,5100000,,0,
5110000,IMU_SAMPLE,511,5110000,,0,
5120000,IMU_SAMPLE,512,5120000,,0,
5130000,IMU_SAMPLE,513,5130000,,0,
5140000,IMU_SAMPLE,514,5140000,,0,
5150000,IMU_SAMPLE,515,5150000,,0,
5160000,IMU_SAMPLE,516,5160000,,0,
5170000,IMU_SAMPLE,517,5170000,,0,
5180000,IMU_SAMPLE,518,5180000,,0,
5190000,IMU_SAMPLE,519,5190000,,0,
5200000,IMU_SAMPLE,520,5200000,,0,
5210000,IMU_SAMPLE,521,5210000,,0,
5220000,IMU_SAMPLE,522,5220000,,0,
5230000,IMU_SAMPLE,523,5230000,,0,
5240000,IMU_SAMPLE,524,5240000,,0,
5250000,IMU_SAMPLE,525,5250000,,0,
5260000,IMU_SAMPLE,526,5260000,,0,
5270000,IMU_SAMPLE,527,5270000,,0,
5280000,IMU_SAMPLE,528,5280000,,0,
5290000,IMU_SAMPLE,529,5290000,,0,
5300000,IMU_SAMPLE,530,5300000,,0,
5310000,IMU_SAMPLE,531,5310000,,0,
5320000,IMU_SAMPLE,532,5320000,,0,
5330000,IMU_SAMPLE,533,5330000,,0,
5340000,IMU_SAMPLE,534,5340000,,0,
5350000,IMU_SAMPLE,535,5350000,,0,
5360000,IMU_SAMPLE,536,5360000,,0,
5370000,IMU_SAMPLE,537,5370000,,0,
5380000,IMU_SAMPLE,538,5380000,,0,
5390000,IMU_SAMPLE,539,5390000,,0,
5400000,IMU_SAMPLE,540,5400000,,0,
5410000,IMU_SAMPLE,541,5410000,,0,
5420000,IMU_SAMPLE,542,5420000,,0,
5430000,IMU_SAMPLE,543,5430000,,0,
5440000,IMU_SAMPLE,544,5440000,,0,
5450000,IMU_SAMPLE,545,5450000,,0,
5460000,IMU_SAMPLE,546,5460000,,0,
5470000,IMU_SAMPLE,547,5470000,,0,
5480000,IMU_SAMPLE,548,5480000,,0,
5490000,IMU_SAMPLE,549,5490000,,0,
5500000,IMU_SAMPLE,550,5500000,,0,
5510000,IMU_SAMPLE,551,5510000,,0,
5520000,IMU_SAMPLE,552,5520000,,0,
5530000,IMU_SAMPLE,553,5530000,,0,
5540000,IMU_SAMPLE,554,5540000,,0,
5550000,IMU_SAMPLE,555,5550000,,0,
5560000,IMU_SAMPLE,556,5560000,,0,
5570000,IMU_SAMPLE,557,5570000,,0,
5580000,IMU_SAMPLE,558,5580000,,0,
5590000,IMU_SAMPLE,559,5590000,,0,
5600000,IMU_SAMPLE,560,5600000,,0,
5610000,IMU_SAMPLE,561,5610000,,0,
5620000,IMU_SAMPLE,562,5620000,,0,
5630000,IMU_SAMPLE,563,5630000,,0,
5640000,IMU_SAMPLE,564,5640000,,0,
5650000,IMU_SAMPLE,565,5650000,,0,
5660000,IMU_SAMPLE,566,5660000,,0,
5670000,IMU_SAMPLE,567,5670000,,0,
5680000,IMU_SAMPLE,568,5680000,,0,
5690000,IMU_SAMPLE,569,5690000,,0,
5700000,IMU_SAMPLE,570,5700000,,0,
5710000,IMU_SAMPLE,571,5710000,,0,
5720000,IMU_SAMPLE,572,5720000,,0,
5730000,IMU_SAMPLE,573,5730000,,0,
5740000,IMU_SAMPLE,574,5740000,,0,
5750000,IMU_SAMPLE,575,5750000,,0,
5760000,IMU_SAMPLE,576,5760000,,0,
5770000,IMU_SAMPLE,577,5770000,,0,
5780000,IMU_SAMPLE,578,5780000,,0,
5790000,IMU_SAMPLE,579,5790000,,0,
5800000,IMU_SAMPLE,580,5800000,,0,
5810000,IMU_SAMPLE,581,5810000,,0,
5820000,IMU_SAMPLE,582,5820000,,0,
5830000,IMU_SAMPLE,583,5830000,,0,
5840000,IMU_SAMPLE,584,5840000,,0,
5850000,IMU_SAMPLE,585,5850000,,0,
5860000,IMU_SAMPLE,586,5860000,,0,
5870000,IMU_SAMPLE,587,5870000,,0,
5880000,IMU_SAMPLE,588,5880000,,0,
5890000,IMU_SAMPLE,589,5890000,,0,
5900000,IMU_SAMPLE,590,5900000,,0,
5910000,IMU_SAMPLE,591,5910000,,0,
5920000,IMU_SAMPLE,592,5920000,,0,
5930000,IMU_SAMPLE,593,5930000,,0,
5940000,IMU_SAMPLE,594,5940000,,0,
5950000,IMU_SAMPLE,595,5950000,,0,
5960000,IMU_SAMPLE,596,5960000,,0,
5970000,IMU_SAMPLE,597,5970000,,0,
5980000,IMU_SAMPLE,598,5980000,,0,
5990000,IMU_SAMPLE,599,5990000,,0,
6000000,PPS_EDGE,600,6000000,6000206,1,
6010000,IMU_SAMPLE,601,6010000,,0,
6020000,IMU_SAMPLE,602,6020000,,0,
6030000,IMU_SAMPLE,603,6030000,,0,
6040000,IMU_SAMPLE,604,6040000,,0,
6050000,IMU_SAMPLE,605,6050000,,0,
6060000,IMU_SAMPLE,606,6060000,,0,
6070000,IMU_SAMPLE,607,6070000,,0,
6080000,IMU_SAMPLE,608,6080000,,0,
6090000,IMU_SAMPLE,609,6090000,,0,
6100000,IMU_SAMPLE,610,6100000,,0,
6110000,IMU_SAMPLE,611,6110000,,0,
6120000,IMU_SAMPLE,612,6120000,,0,
6130000,IMU_SAMPLE,613,6130000,,0,
6140000,IMU_SAMPLE,614,6140000,,0,
6150000,IMU_SAMPLE,615,6150000,,0,
6160000,IMU_SAMPLE,616,6160000,,0,
6170000,IMU_SAMPLE,617,6170000,,0,
6180000,IMU_SAMPLE,618,6180000,,0,
6190000,IMU_SAMPLE,619,6190000,,0,
6200000,IMU_SAMPLE,620,6200000,,0,
6210000,IMU_SAMPLE,621,6210000,,0,
6220000,IMU_SAMPLE,622,6220000,,0,
6230000,IMU_SAMPLE,623,6230000,,0,
6240000,IMU_SAMPLE,624,6240000,,0,
6250000,IMU_SAMPLE,625,6250000,,0,
6260000,IMU_SAMPLE,626,6260000,,0,
6270000,IMU_SAMPLE,627,6270000,,0,
6280000,IMU_SAMPLE,628,6280000,,0,
6290000,IMU_SAMPLE,629,6290000,,0,
6300000,IMU_SAMPLE,630,6300000,,0,
6310000,IMU_SAMPLE,631,6310000,,0,
6320000,IMU_SAMPLE,632,6320000,,0,
6330000,IMU_SAMPLE,633,6330000,,0,
6340000,IMU_SAMPLE,634,6340000,,0,
6350000,IMU_SAMPLE,635,6350000,,0,
6360000,IMU_SAMPLE,636,6360000,,0,
6370000,IMU_SAMPLE,637,6370000,,0,
6380000,IMU_SAMPLE,638,6380000,,0,
6390000,IMU_SAMPLE,639,6390000,,0,
6400000,IMU_SAMPLE,640,6400000,,0,
6410000,IMU_SAMPLE,641,6410000,,0,
6420000,IMU_SAMPLE,642,6420000,,0,
6430000,IMU_SAMPLE,643,6430000,,0,
6440000,IMU_SAMPLE,644,6440000,,0,
6450000,IMU_SAMPLE,645,6450000,,0,
6460000,IMU_SAMPLE,646,6460000,,0,
6470000,IMU_SAMPLE,647,6470000,,0,
6480000,IMU_SAMPLE,648,6480000,,0,
6490000,IMU_SAMPLE,649,6490000,,0,
6500000,IMU_SAMPLE,650,6500000,,0,
6510000,IMU_SAMPLE,651,6510000,,0,
6520000,IMU_SAMPLE,652,6520000,,0,
6530000,IMU_SAMPLE,653,6530000,,0,
6540000,IMU_SAMPLE,654,6540000,,0,
6550000,IMU_SAMPLE,655,6550000,,0,
6560000,IMU_SAMPLE,656,6560000,,0,
6570000,IMU_SAMPLE,657,6570000,,0,
6580000,IMU_SAMPLE,658,6580000,,0,
6590000,IMU_SAMPLE,659,6590000,,0,
6600000,IMU_SAMPLE,660,6600000,,0,
6610000,IMU_SAMPLE,661,6610000,,0,
6620000,IMU_SAMPLE,662,6620000,,0,
6630000,IMU_SAMPLE,663,6630000,,0,
6640000,IMU_SAMPLE,664,6640000,,0,
6650000,IMU_SAMPLE,665,6650000,,0,
6660000,IMU_SAMPLE,666,6660000,,0,
6670000,IMU_SAMPLE,667,6670000,,0,
6680000,IMU_SAMPLE,668,6680000,,0,
6690000,IMU_SAMPLE,669,6690000,,0,
6700000,IMU_SAMPLE,670,6700000,,0,
6710000,IMU_SAMPLE,671,6710000,,0,
6720000,IMU_SAMPLE,672,6720000,,0,
6730000,IMU_SAMPLE,673,6730000,,0,
6740000,IMU_SAMPLE,674,6740000,,0,
6750000,IMU_SAMPLE,675,6750000,,0,
6760000,IMU_SAMPLE,676,6760000,,0,
6770000,IMU_SAMPLE,677,6770000,,0,
6780000,IMU_SAMPLE,678,6780000,,0,
6790000,IMU_SAMPLE,679,6790000,,0,
6800000,IMU_SAMPLE,680,6800000,,0,
6810000,IMU_SAMPLE,681,6810000,,0,
6820000,IMU_SAMPLE,682,6820000,,0,
6830000,IMU_SAMPLE,683,6830000,,0,
6840000,IMU_SAMPLE,684,6840000,,0,
6850000,IMU_SAMPLE,685,6850000,,0,
6860000,IMU_SAMPLE,686,6860000,,0,
6870000,IMU_SAMPLE,687,6870000,,0,
6880000,IMU_SAMPLE,688,6880000,,0,
6890000,IMU_SAMPLE,689,6890000,,0,
6900000,IMU_SAMPLE,690,6900000,,0,
6910000,IMU_SAMPLE,691,6910000,,0,
6920000,IMU_SAMPLE,692,6920000,,0,
6930000,IMU_SAMPLE,693,6930000,,0,
6940000,IMU_SAMPLE,694,6940000,,0,
6950000,IMU_SAMPLE,695,6950000,,0,
6960000,IMU_SAMPLE,696,6960000,,0,
6970000,IMU_SAMPLE,697,6970000,,0,
6980000,IMU_SAMPLE,698,6980000,,0,
6990000,IMU_SAMPLE,699,6990000,,0,
7000000,PPS_EDGE,700,7000000,7000194,1,
7010000,IMU_SAMPLE,701,7010000,,0,
7020000,IMU_SAMPLE,702,7020000,,0,
7030000,IMU_SAMPLE,703,7030000,,0,
7040000,IMU_SAMPLE,704,7040000,,0,
7050000,IMU_SAMPLE,705,7050000,,0,
7060000,IMU_SAMPLE,706,7060000,,0,
7070000,IMU_SAMPLE,707,7070000,,0,
7080000,IMU_SAMPLE,708,7080000,,0,
7090000,IMU_SAMPLE,709,7090000,,0,
7100000,IMU_SAMPLE,710,7100000,,0,
7110000,IMU_SAMPLE,711,7110000,,0,
7120000,IMU_SAMPLE,712,7120000,,0,
7130000,IMU_SAMPLE,713,7130000,,0,
7140000,IMU_SAMPLE,714,7140000,,0,
7150000,IMU_SAMPLE,715,7150000,,0,
7160000,IMU_SAMPLE,716,7160000,,0,
7170000,IMU_SAMPLE,717,7170000,,0,
7180000,IMU_SAMPLE,718,7180000,,0,
7190000,IMU_SAMPLE,719,7190000,,0,
7200000,IMU_SAMPLE,720,7200000,,0,
7210000,IMU_SAMPLE,721,7210000,,0,
7220000,IMU_SAMPLE,722,7220000,,0,
7230000,IMU_SAMPLE,723,7230000,,0,
7240000,IMU_SAMPLE,724,7240000,,0,
7250000,IMU_SAMPLE,725,7250000,,0,
7260000,IMU_SAMPLE,726,7260000,,0,
7270000,IMU_SAMPLE,727,7270000,,0,
7280000,IMU_SAMPLE,728,7280000,,0,
7290000,IMU_SAMPLE,729,7290000,,0,
7300000,IMU_SAMPLE,730,7300000,,0,
7310000,IMU_SAMPLE,731,7310000,,0,
7320000,IMU_SAMPLE,732,7320000,,0,
7330000,IMU_SAMPLE,733,7330000,,0,
7340000,IMU_SAMPLE,734,7340000,,0,
7350000,IMU_SAMPLE,735,7350000,,0,
7360000,IMU_SAMPLE,736,7360000,,0,
7370000,IMU_SAMPLE,737,7370000,,0,
7380000,IMU_SAMPLE,738,7380000,,0,
7390000,IMU_SAMPLE,739,7390000,,0,
7400000,IMU_SAMPLE,740,7400000,,0,
7410000,IMU_SAMPLE,741,7410000,,0,
7420000,IMU_SAMPLE,742,7420000,,0,
7430000,IMU_SAMPLE,743,7430000,,0,
7440000,IMU_SAMPLE,744,7440000,,0,
7450000,IMU_SAMPLE,745,7450000,,0,
7460000,IMU_SAMPLE,746,7460000,,0,
7470000,IMU_SAMPLE,747,7470000,,0,
7480000,IMU_SAMPLE,748,7480000,,0,
7490000,IMU_SAMPLE,749,7490000,,0,
7500000,IMU_SAMPLE,750,7500000,,0,
7510000,IMU_SAMPLE,751,7510000,,0,
7520000,IMU_SAMPLE,752,7520000,,0,
7530000,IMU_SAMPLE,753,7530000,,0,
7540000,IMU_SAMPLE,754,7540000,,0,
7550000,IMU_SAMPLE,755,7550000,,0,
7560000,IMU_SAMPLE,756,7560000,,0,
7570000,IMU_SAMPLE,757,7570000,,0,
7580000,IMU_SAMPLE,758,7580000,,0,
7590000,IMU_SAMPLE,759,7590000,,0,
7600000,IMU_SAMPLE,760,7600000,,0,
7610000,IMU_SAMPLE,761,7610000,,0,
7620000,IMU_SAMPLE,762,7620000,,0,
7630000,IMU_SAMPLE,763,7630000,,0,
7640000,IMU_SAMPLE,764,7640000,,0,
7650000,IMU_SAMPLE,765,7650000,,0,
7660000,IMU_SAMPLE,766,7660000,,0,
7670000,IMU_SAMPLE,767,7670000,,0,
7680000,IMU_SAMPLE,768,7680000,,0,
7690000,IMU_SAMPLE,769,7690000,,0,
7700000,IMU_SAMPLE,770,7700000,,0,
7710000,IMU_SAMPLE,771,7710000,,0,
7720000,IMU_SAMPLE,772,7720000,,0,
7730000,IMU_SAMPLE,773,7730000,,0,
7740000,IMU_SAMPLE,774,7740000,,0,
7750000,IMU_SAMPLE,775,7750000,,0,
7760000,IMU_SAMPLE,776,7760000,,0,
7770000,IMU_SAMPLE,777,7770000,,0,
7780000,IMU_SAMPLE,778,7780000,,0,
7790000,IMU_SAMPLE,779,7790000,,0,
7800000,IMU_SAMPLE,780,7800000,,0,
7810000,IMU_SAMPLE,781,7810000,,0,
7820000,IMU_SAMPLE,782,7820000,,0,
7830000,IMU_SAMPLE,783,7830000,,0,
7840000,IMU_SAMPLE,784,7840000,,0,
7850000,IMU_SAMPLE,785,7850000,,0,
7860000,IMU_SAMPLE,786,7860000,,0,
7870000,IMU_SAMPLE,787,7870000,,0,
7880000,IMU_SAMPLE,788,7880000,,0,
7890000,IMU_SAMPLE,789,7890000,,0,
7900000,IMU_SAMPLE,790,7900000,,0,
7910000,IMU_SAMPLE,791,7910000,,0,
7920000,IMU_SAMPLE,792,7920000,,0,
7930000,IMU_SAMPLE,793,7930000,,0,
7940000,IMU_SAMPLE,794,7940000,,0,
7950000,IMU_SAMPLE,795,7950000,,0,
7960000,IMU_SAMPLE,796,7960000,,0,
7970000,IMU_SAMPLE,797,7970000,,0,
7980000,IMU_SAMPLE,798,7980000,,0,
7990000,IMU_SAMPLE,799,7990000,,0,
8000000,PPS_EDGE,800,8000000,8000195,1,
8010000,IMU_SAMPLE,801,8010000,,0,
8020000,IMU_SAMPLE,802,8020000,,0,
8030000,IMU_SAMPLE,803,8030000,,0,
8040000,IMU_SAMPLE,804,8040000,,0,
8050000,IMU_SAMPLE,805,8050000,,0,
8060000,IMU_SAMPLE,806,8060000,,0,
8070000,IMU_SAMPLE,807,8070000,,0,
8080000,IMU_SAMPLE,808,8080000,,0,
8090000,IMU_SAMPLE,809,8090000,,0,
8100000,IMU_SAMPLE,810,8100000,,0,
8110000,IMU_SAMPLE,811,8110000,,0,
8120000,IMU_SAMPLE,812,8120000,,0,
8130000,IMU_SAMPLE,813,8130000,,0,
8140000,IMU_SAMPLE,814,8140000,,0,
8150000,IMU_SAMPLE,815,8150000,,0,
8160000,IMU_SAMPLE,816,8160000,,0,
8170000,IMU_SAMPLE,817,8170000,,0,
8180000,IMU_SAMPLE,818,8180000,,0,
8190000,IMU_SAMPLE,819,8190000,,0,
8200000,IMU_SAMPLE,820,8200000,,0,
8210000,IMU_SAMPLE,821,8210000,,0,
8220000,IMU_SAMPLE,822,8220000,,0,
8230000,IMU_SAMPLE,823,8230000,,0,
8240000,IMU_SAMPLE,824,8240000,,0,
8250000,IMU_SAMPLE,825,8250000,,0,
8260000,IMU_SAMPLE,826,8260000,,0,
8270000,IMU_SAMPLE,827,8270000,,0,
8280000,IMU_SAMPLE,828,8280000,,0,
8290000,IMU_SAMPLE,829,8290000,,0,
8300000,IMU_SAMPLE,830,8300000,,0,
8310000,IMU_SAMPLE,831,8310000,,0,
8320000,IMU_SAMPLE,832,8320000,,0,
8330000,IMU_SAMPLE,833,8330000,,0,
8340000,IMU_SAMPLE,834,8340000,,0,
8350000,IMU_SAMPLE,835,8350000,,0,
8360000,IMU_SAMPLE,836,8360000,,0,
8370000,IMU_SAMPLE,837,8370000,,0,
8380000,IMU_SAMPLE,838,8380000,,0,
8390000,IMU_SAMPLE,839,8390000,,0,
8400000,IMU_SAMPLE,840,8400000,,0,
8410000,IMU_SAMPLE,841,8410000,,0,
8420000,IMU_SAMPLE,842,8420000,,0,
8430000,IMU_SAMPLE,843,8430000,,0,
8440000,IMU_SAMPLE,844,8440000,,0,
8450000,IMU_SAMPLE,845,8450000,,0,
8460000,IMU_SAMPLE,846,8460000,,0,
8470000,IMU_SAMPLE,847,8470000,,0,
8480000,IMU_SAMPLE,848,8480000,,0,
8490000,IMU_SAMPLE,849,8490000,,0,
8500000,IMU_SAMPLE,850,8500000,,0,
8510000,IMU_SAMPLE,851,8510000,,0,
8520000,IMU_SAMPLE,852,8520000,,0,
8530000,IMU_SAMPLE,853,8530000,,0,
8540000,IMU_SAMPLE,854,8540000,,0,
8550000,IMU_SAMPLE,855,8550000,,0,
8560000,IMU_SAMPLE,856,8560000,,0,
8570000,IMU_SAMPLE,857,8570000,,0,
8580000,IMU_SAMPLE,858,8580000,,0,
8590000,IMU_SAMPLE,859,8590000,,0,
8600000,IMU_SAMPLE,860,8600000,,0,
8610000,IMU_SAMPLE,861,8610000,,0,
8620000,IMU_SAMPLE,862,8620000,,0,
8630000,IMU_SAMPLE,863,8630000,,0,
8640000,IMU_SAMPLE,864,8640000,,0,
8650000,IMU_SAMPLE,865,8650000,,0,
8660000,IMU_SAMPLE,866,8660000,,0,
8670000,IMU_SAMPLE,867,8670000,,0,
8680000,IMU_SAMPLE,868,8680000,,0,
8690000,IMU_SAMPLE,869,8690000,,0,
8700000,IMU_SAMPLE,870,8700000,,0,
8710000,IMU_SAMPLE,871,8710000,,0,
8720000,IMU_SAMPLE,872,8720000,,0,
8730000,IMU_SAMPLE,873,8730000,,0,
8740000,IMU_SAMPLE,874,8740000,,0,
8750000,IMU_SAMPLE,875,8750000,,0,
8760000,IMU_SAMPLE,876,8760000,,0,
8770000,IMU_SAMPLE,877,8770000,,0,
8780000,IMU_SAMPLE,878,8780000,,0,
8790000,IMU_SAMPLE,879,8790000,,0,
8800000,IMU_SAMPLE,880,8800000,,0,
8810000,IMU_SAMPLE,881,8810000,,0,
8820000,IMU_SAMPLE,882,8820000,,0,
8830000,IMU_SAMPLE,883,8830000,,0,
8840000,IMU_SAMPLE,884,8840000,,0,
8850000,IMU_SAMPLE,885,8850000,,0,
8860000,IMU_SAMPLE,886,8860000,,0,
8870000,IMU_SAMPLE,887,8870000,,0,
8880000,IMU_SAMPLE,888,8880000,,0,
8890000,IMU_SAMPLE,889,8890000,,0,
8900000,IMU_SAMPLE,890,8900000,,0,
8910000,IMU_SAMPLE,891,8910000,,0,
8920000,IMU_SAMPLE,892,8920000,,0,
8930000,IMU_SAMPLE,893,8930000,,0,
8940000,IMU_SAMPLE,894,8940000,,0,
8950000,IMU_SAMPLE,895,8950000,,0,
8960000,IMU_SAMPLE,896,8960000,,0,
8970000,IMU_SAMPLE,897,8970000,,0,
8980000,IMU_SAMPLE,898,8980000,,0,
8990000,IMU_SAMPLE,899,8990000,,0,
9000000,PPS_EDGE,900,9000000,9000202,1,
9010000,IMU_SAMPLE,901,9010000,,0,
9020000,IMU_SAMPLE,902,9020000,,0,
9030000,IMU_SAMPLE,903,9030000,,0,
9040000,IMU_SAMPLE,904,9040000,,0,
9050000,IMU_SAMPLE,905,9050000,,0,
9060000,IMU_SAMPLE,906,9060000,,0,
9070000,IMU_SAMPLE,907,9070000,,0,
9080000,IMU_SAMPLE,908,9080000,,0,
9090000,IMU_SAMPLE,909,9090000,,0,
9100000,IMU_SAMPLE,910,9100000,,0,
9110000,IMU_SAMPLE,911,9110000,,0,
9120000,IMU_SAMPLE,912,9120000,,0,
9130000,IMU_SAMPLE,913,9130000,,0,
9140000,IMU_SAMPLE,914,9140000,,0,
9150000,IMU_SAMPLE,915,9150000,,0,
9160000,IMU_SAMPLE,916,9160000,,0,
9170000,IMU_SAMPLE,917,9170000,,0,
9180000,IMU_SAMPLE,918,9180000,,0,
9190000,IMU_SAMPLE,919,9190000,,0,
9200000,IMU_SAMPLE,920,9200000,,0,
9210000,IMU_SAMPLE,921,9210000,,0,
9220000,IMU_SAMPLE,922,9220000,,0,
9230000,IMU_SAMPLE,923,9230000,,0,
9240000,IMU_SAMPLE,924,9240000,,0,
9250000,IMU_SAMPLE,925,9250000,,0,
9260000,IMU_SAMPLE,926,9260000,,0,
9270000,IMU_SAMPLE,927,9270000,,0,
9280000,IMU_SAMPLE,928,9280000,,0,
9290000,IMU_SAMPLE,929,9290000,,0,
9300000,IMU_SAMPLE,930,9300000,,0,
9310000,IMU_SAMPLE,931,9310000,,0,
9320000,IMU_SAMPLE,932,9320000,,0,
9330000,IMU_SAMPLE,933,9330000,,0,
9340000,IMU_SAMPLE,934,9340000,,0,
9350000,IMU_SAMPLE,935,9350000,,0,
9360000,IMU_SAMPLE,936,9360000,,0,
9370000,IMU_SAMPLE,937,9370000,,0,
9380000,IMU_SAMPLE,938,9380000,,0,
9390000,IMU_SAMPLE,939,9390000,,0,
9400000,IMU_SAMPLE,940,9400000,,0,
9410000,IMU_SAMPLE,941,9410000,,0,
9420000,IMU_SAMPLE,942,9420000,,0,
9430000,IMU_SAMPLE,943,9430000,,0,
9440000,IMU_SAMPLE,944,9440000,,0,
9450000,IMU_SAMPLE,945,9450000,,0,
9460000,IMU_SAMPLE,946,9460000,,0,
9470000,IMU_SAMPLE,947,9470000,,0,
9480000,IMU_SAMPLE,948,9480000,,0,
9490000,IMU_SAMPLE,949,9490000,,0,
9500000,IMU_SAMPLE,950,9500000,,0,
9510000,IMU_SAMPLE,951,9510000,,0,
9520000,IMU_SAMPLE,952,9520000,,0,
9530000,IMU_SAMPLE,953,9530000,,0,
9540000,IMU_SAMPLE,954,9540000,,0,
9550000,IMU_SAMPLE,955,9550000,,0,
9560000,IMU_SAMPLE,956,9560000,,0,
9570000,IMU_SAMPLE,957,9570000,,0,
9580000,IMU_SAMPLE,958,9580000,,0,
9590000,IMU_SAMPLE,959,9590000,,0,
9600000,IMU_SAMPLE,960,9600000,,0,
9610000,IMU_SAMPLE,961,9610000,,0,
9620000,IMU_SAMPLE,962,9620000,,0,
9630000,IMU_SAMPLE,963,9630000,,0,
9640000,IMU_SAMPLE,964,9640000,,0,
9650000,IMU_SAMPLE,965,9650000,,0,
9660000,IMU_SAMPLE,966,9660000,,0,
9670000,IMU_SAMPLE,967,9670000,,0,
9680000,IMU_SAMPLE,968,9680000,,0,
9690000,IMU_SAMPLE,969,9690000,,0,
9700000,IMU_SAMPLE,970,9700000,,0,
9710000,IMU_SAMPLE,971,9710000,,0,
9720000,IMU_SAMPLE,972,9720000,,0,
9730000,IMU_SAMPLE,973,9730000,,0,
9740000,IMU_SAMPLE,974,9740000,,0,
9750000,IMU_SAMPLE,975,9750000,,0,
9760000,IMU_SAMPLE,976,9760000,,0,
9770000,IMU_SAMPLE,977,9770000,,0,
9780000,IMU_SAMPLE,978,9780000,,0,
9790000,IMU_SAMPLE,979,9790000,,0,
9800000,IMU_SAMPLE,980,9800000,,0,
9810000,IMU_SAMPLE,981,9810000,,0,
9820000,IMU_SAMPLE,982,9820000,,0,
9830000,IMU_SAMPLE,983,9830000,,0,
9840000,IMU_SAMPLE,984,9840000,,0,
9850000,IMU_SAMPLE,985,9850000,,0,
9860000,IMU_SAMPLE,986,9860000,,0,
9870000,IMU_SAMPLE,987,9870000,,0,
9880000,IMU_SAMPLE,988,9880000,,0,
9890000,IMU_SAMPLE,989,9890000,,0,
9900000,IMU_SAMPLE,990,9900000,,0,
9910000,IMU_SAMPLE,991,9910000,,0,
9920000,IMU_SAMPLE,992,9920000,,0,
9930000,IMU_SAMPLE,993,9930000,,0,
9940000,IMU_SAMPLE,994,9940000,,0,
9950000,IMU_SAMPLE,995,9950000,,0,
9960000,IMU_SAMPLE,996,9960000,,0,
9970000,IMU_SAMPLE,997,9970000,,0,
9980000,IMU_SAMPLE,998,9980000,,0,
9990000,IMU_SAMPLE,999,9990000,,0,
10000000,PPS_EDGE,1000,10000000,10000204,1,
10010000,IMU_SAMPLE,1001,10010000,,0,
10020000,IMU_SAMPLE,1002,10020000,,0,
10030000,IMU_SAMPLE,1003,10030000,,0,
10040000,IMU_SAMPLE,1004,10040000,,0,
10050000,IMU_SAMPLE,1005,10050000,,0,
10060000,IMU_SAMPLE,1006,10060000,,0,
10070000,IMU_SAMPLE,1007,10070000,,0,
10080000,IMU_SAMPLE,1008,10080000,,0,
10090000,IMU_SAMPLE,1009,10090000,,0,
10100000,IMU_SAMPLE,1010,10100000,,0,
10110000,IMU_SAMPLE,1011,10110000,,0,
10120000,IMU_SAMPLE,1012,10120000,,0,
10130000,IMU_SAMPLE,1013,10130000,,0,
10140000,IMU_SAMPLE,1014,10140000,,0,
10150000,IMU_SAMPLE,1015,10150000,,0,
10160000,IMU_SAMPLE,1016,10160000,,0,
10170000,IMU_SAMPLE,1017,10170000,,0,
10180000,IMU_SAMPLE,1018,10180000,,0,
10190000,IMU_SAMPLE,1019,10190000,,0,
10200000,IMU_SAMPLE,1020,10200000,,0,
10210000,IMU_SAMPLE,1021,10210000,,0,
10220000,IMU_SAMPLE,1022,10220000,,0,
10230000,IMU_SAMPLE,1023,10230000,,0,
10240000,IMU_SAMPLE,1024,10240000,,0,
10250000,IMU_SAMPLE,1025,10250000,,0,
10260000,IMU_SAMPLE,1026,10260000,,0,
10270000,IMU_SAMPLE,1027,10270000,,0,
10280000,IMU_SAMPLE,1028,10280000,,0,
10290000,IMU_SAMPLE,1029,10290000,,0,
10300000,IMU_SAMPLE,1030,10300000,,0,
10310000,IMU_SAMPLE,1031,10310000,,0,
10320000,IMU_SAMPLE,1032,10320000,,0,
10330000,IMU_SAMPLE,1033,10330000,,0,
10340000,IMU_SAMPLE,1034,10340000,,0,
10350000,IMU_SAMPLE,1035,10350000,,0,
10360000,IMU_SAMPLE,1036,10360000,,0,
10370000,IMU_SAMPLE,1037,10370000,,0,
10380000,IMU_SAMPLE,1038,10380000,,0,
10390000,IMU_SAMPLE,1039,10390000,,0,
10400000,IMU_SAMPLE,1040,10400000,,0,
10410000,IMU_SAMPLE,1041,10410000,,0,
10420000,IMU_SAMPLE,1042,10420000,,0,
10430000,IMU_SAMPLE,1043,10430000,,0,
10440000,IMU_SAMPLE,1044,10440000,,0,
10450000,IMU_SAMPLE,1045,10450000,,0,
10460000,IMU_SAMPLE,1046,10460000,,0,
10470000,IMU_SAMPLE,1047,10470000,,0,
10480000,IMU_SAMPLE,1048,10480000,,0,
10490000,IMU_SAMPLE,1049,10490000,,0,
10500000,IMU_SAMPLE,1050,10500000,,0,
10510000,IMU_SAMPLE,1051,10510000,,0,
10520000,IMU_SAMPLE,1052,10520000,,0,
10530000,IMU_SAMPLE,1053,10530000,,0,
10540000,IMU_SAMPLE,1054,10540000,,0,
10550000,IMU_SAMPLE,1055,10550000,,0,
10560000,IMU_SAMPLE,1056,10560000,,0,
10570000,IMU_SAMPLE,1057,10570000,,0,
10580000,IMU_SAMPLE,1058,10580000,,0,
10590000,IMU_SAMPLE,1059,10590000,,0,
10600000,IMU_SAMPLE,1060,10600000,,0,
10610000,IMU_SAMPLE,1061,10610000,,0,
10620000,IMU_SAMPLE,1062,10620000,,0,
10630000,IMU_SAMPLE,1063,10630000,,0,
10640000,IMU_SAMPLE,1064,10640000,,0,
10650000,IMU_SAMPLE,1065,10650000,,0,
10660000,IMU_SAMPLE,1066,10660000,,0,
10670000,IMU_SAMPLE,1067,10670000,,0,
10680000,IMU_SAMPLE,1068,10680000,,0,
10690000,IMU_SAMPLE,1069,10690000,,0,
10700000,IMU_SAMPLE,1070,10700000,,0,
10710000,IMU_SAMPLE,1071,10710000,,0,
10720000,IMU_SAMPLE,1072,10720000,,0,
10730000,IMU_SAMPLE,1073,10730000,,0,
10740000,IMU_SAMPLE,1074,10740000,,0,
10750000,IMU_SAMPLE,1075,10750000,,0,
10760000,IMU_SAMPLE,1076,10760000,,0,
10770000,IMU_SAMPLE,1077,10770000,,0,
10780000,IMU_SAMPLE,1078,10780000,,0,
10790000,IMU_SAMPLE,1079,10790000,,0,
10800000,IMU_SAMPLE,1080,10800000,,0,
10810000,IMU_SAMPLE,1081,10810000,,0,
10820000,IMU_SAMPLE,1082,10820000,,0,
10830000,IMU_SAMPLE,1083,10830000,,0,
10840000,IMU_SAMPLE,1084,10840000,,0,
10850000,IMU_SAMPLE,1085,10850000,,0,
10860000,IMU_SAMPLE,1086,10860000,,0,
10870000,IMU_SAMPLE,1087,10870000,,0,
10880000,IMU_SAMPLE,1088,10880000,,0,
10890000,IMU_SAMPLE,1089,10890000,,0,
10900000,IMU_SAMPLE,1090,10900000,,0,
10910000,IMU_SAMPLE,1091,10910000,,0,
10920000,IMU_SAMPLE,1092,10920000,,0,
10930000,IMU_SAMPLE,1093,10930000,,0,
10940000,IMU_SAMPLE,1094,10940000,,0,
10950000,IMU_SAMPLE,1095,10950000,,0,
10960000,IMU_SAMPLE,1096,10960000,,0,
10970000,IMU_SAMPLE,1097,10970000,,0,
10980000,IMU_SAMPLE,1098,10980000,,0,
10990000,IMU_SAMPLE,1099,10990000,,0,
11000000,PPS_EDGE,1100,11000000,11000223,1,
11010000,IMU_SAMPLE,1101,11010000,,0,
11020000,IMU_SAMPLE,1102,11020000,,0,
11030000,IMU_SAMPLE,1103,11030000,,0,
11040000,IMU_SAMPLE,1104,11040000,,0,
11050000,IMU_SAMPLE,1105,11050000,,0,
11060000,IMU_SAMPLE,1106,11060000,,0,
11070000,IMU_SAMPLE,1107,11070000,,0,
11080000,IMU_SAMPLE,1108,11080000,,0,
11090000,IMU_SAMPLE,1109,11090000,,0,
11100000,IMU_SAMPLE,1110,11100000,,0,
11110000,IMU_SAMPLE,1111,11110000,,0,
11120000,IMU_SAMPLE,1112,11120000,,0,
11130000,IMU_SAMPLE,1113,11130000,,0,
11140000,IMU_SAMPLE,1114,11140000,,0,
11150000,IMU_SAMPLE,1115,11150000,,0,
11160000,IMU_SAMPLE,1116,11160000,,0,
11170000,IMU_SAMPLE,1117,11170000,,0,
11180000,IMU_SAMPLE,1118,11180000,,0,
11190000,IMU_SAMPLE,1119,11190000,,0,
11200000,IMU_SAMPLE,1120,11200000,,0,
11210000,IMU_SAMPLE,1121,11210000,,0,
11220000,IMU_SAMPLE,1122,11220000,,0,
11230000,IMU_SAMPLE,1123,11230000,,0,
11240000,IMU_SAMPLE,1124,11240000,,0,
11250000,IMU_SAMPLE,1125,11250000,,0,
11260000,IMU_SAMPLE,1126,11260000,,0,
11270000,IMU_SAMPLE,1127,11270000,,0,
11280000,IMU_SAMPLE,1128,11280000,,0,
11290000,IMU_SAMPLE,1129,11290000,,0,
11300000,IMU_SAMPLE,1130,11300000,,0,
11310000,IMU_SAMPLE,1131,11310000,,0,
11320000,IMU_SAMPLE,1132,11320000,,0,
11330000,IMU_SAMPLE,1133,11330000,,0,
11340000,IMU_SAMPLE,1134,11340000,,0,
11350000,IMU_SAMPLE,1135,11350000,,0,
11360000,IMU_SAMPLE,1136,11360000,,0,
11370000,IMU_SAMPLE,1137,11370000,,0,
11380000,IMU_SAMPLE,1138,11380000,,0,
11390000,IMU_SAMPLE,1139,11390000,,0,
11400000,IMU_SAMPLE,1140,11400000,,0,
11410000,IMU_SAMPLE,1141,11410000,,0,
11420000,IMU_SAMPLE,1142,11420000,,0,
11430000,IMU_SAMPLE,1143,11430000,,0,
11440000,IMU_SAMPLE,1144,11440000,,0,
11450000,IMU_SAMPLE,1145,11450000,,0,
11460000,IMU_SAMPLE,1146,11460000,,0,
11470000,IMU_SAMPLE,1147,11470000,,0,
11480000,IMU_SAMPLE,1148,11480000,,0,
11490000,IMU_SAMPLE,1149,11490000,,0,
11500000,IMU_SAMPLE,1150,11500000,,0,
11510000,IMU_SAMPLE,1151,11510000,,0,
11520000,IMU_SAMPLE,1152,11520000,,0,
11530000,IMU_SAMPLE,1153,11530000,,0,
11540000,IMU_SAMPLE,1154,11540000,,0,
11550000,IMU_SAMPLE,1155,11550000,,0,
11560000,IMU_SAMPLE,1156,11560000,,0,
11570000,IMU_SAMPLE,1157,11570000,,0,
11580000,IMU_SAMPLE,1158,11580000,,0,
11590000,IMU_SAMPLE,1159,11590000,,0,
11600000,IMU_SAMPLE,1160,11600000,,0,
11610000,IMU_SAMPLE,1161,11610000,,0,
11620000,IMU_SAMPLE,1162,11620000,,0,
11630000,IMU_SAMPLE,1163,11630000,,0,
11640000,IMU_SAMPLE,1164,11640000,,0,
11650000,IMU_SAMPLE,1165,11650000,,0,
11660000,IMU_SAMPLE,1166,11660000,,0,
11670000,IMU_SAMPLE,1167,11670000,,0,
11680000,IMU_SAMPLE,1168,11680000,,0,
11690000,IMU_SAMPLE,1169,11690000,,0,
11700000,IMU_SAMPLE,1170,11700000,,0,
11710000,IMU_SAMPLE,1171,11710000,,0,
11720000,IMU_SAMPLE,1172,11720000,,0,
11730000,IMU_SAMPLE,1173,11730000,,0,
11740000,IMU_SAMPLE,1174,11740000,,0,
11750000,IMU_SAMPLE,1175,11750000,,0,
11760000,IMU_SAMPLE,1176,11760000,,0,
11770000,IMU_SAMPLE,1177,11770000,,0,
11780000,IMU_SAMPLE,1178,11780000,,0,
11790000,IMU_SAMPLE,1179,11790000,,0,
11800000,IMU_SAMPLE,1180,11800000,,0,
11810000,IMU_SAMPLE,1181,11810000,,0,
11820000,IMU_SAMPLE,1182,11820000,,0,
11830000,IMU_SAMPLE,1183,11830000,,0,
11840000,IMU_SAMPLE,1184,11840000,,0,
11850000,IMU_SAMPLE,1185,11850000,,0,
11860000,IMU_SAMPLE,1186,11860000,,0,
11870000,IMU_SAMPLE,1187,11870000,,0,
11880000,IMU_SAMPLE,1188,11880000,,0,
11890000,IMU_SAMPLE,1189,11890000,,0,
11900000,IMU_SAMPLE,1190,11900000,,0,
11910000,IMU_SAMPLE,1191,11910000,,0,
11920000,IMU_SAMPLE,1192,11920000,,0,
11930000,IMU_SAMPLE,1193,11930000,,0,
11940000,IMU_SAMPLE,1194,11940000,,0,
11950000,IMU_SAMPLE,1195,11950000,,0,
11960000,IMU_SAMPLE,1196,11960000,,0,
11970000,IMU_SAMPLE,1197,11970000,,0,
11980000,IMU_SAMPLE,1198,11980000,,0,
11990000,IMU_SAMPLE,1199,11990000,,0,
12000000,PPS_EDGE,1200,12000000,12000213,1,
12010000,IMU_SAMPLE,1201,12010000,,0,
12020000,IMU_SAMPLE,1202,12020000,,0,
12030000,IMU_SAMPLE,1203,12030000,,0,
12040000,IMU_SAMPLE,1204,12040000,,0,
12050000,IMU_SAMPLE,1205,12050000,,0,
12060000,IMU_SAMPLE,1206,12060000,,0,
12070000,IMU_SAMPLE,1207,12070000,,0,
12080000,IMU_SAMPLE,1208,12080000,,0,
12090000,IMU_SAMPLE,1209,12090000,,0,
12100000,IMU_SAMPLE,1210,12100000,,0,
12110000,IMU_SAMPLE,1211,12110000,,0,
12120000,IMU_SAMPLE,1212,12120000,,0,
12130000,IMU_SAMPLE,1213,12130000,,0,
12140000,IMU_SAMPLE,1214,12140000,,0,
12150000,IMU_SAMPLE,1215,12150000,,0,
12160000,IMU_SAMPLE,1216,12160000,,0,
12170000,IMU_SAMPLE,1217,12170000,,0,
12180000,IMU_SAMPLE,1218,12180000,,0,
12190000,IMU_SAMPLE,1219,12190000,,0,
12200000,IMU_SAMPLE,1220,12200000,,0,
12210000,IMU_SAMPLE,1221,12210000,,0,
12220000,IMU_SAMPLE,1222,12220000,,0,
12230000,IMU_SAMPLE,1223,12230000,,0,
12240000,IMU_SAMPLE,1224,12240000,,0,
12250000,IMU_SAMPLE,1225,12250000,,0,
12260000,IMU_SAMPLE,1226,12260000,,0,
12270000,IMU_SAMPLE,1227,12270000,,0,
12280000,IMU_SAMPLE,1228,12280000,,0,
12290000,IMU_SAMPLE,1229,12290000,,0,
12300000,IMU_SAMPLE,1230,12300000,,0,
12310000,IMU_SAMPLE,1231,12310000,,0,
12320000,IMU_SAMPLE,1232,12320000,,0,
12330000,IMU_SAMPLE,1233,12330000,,0,
12340000,IMU_SAMPLE,1234,12340000,,0,
12350000,IMU_SAMPLE,1235,12350000,,0,
12360000,IMU_SAMPLE,1236,12360000,,0,
12370000,IMU_SAMPLE,1237,12370000,,0,
12380000,IMU_SAMPLE,1238,12380000,,0,
12390000,IMU_SAMPLE,1239,12390000,,0,
12400000,IMU_SAMPLE,1240,12400000,,0,
12410000,IMU_SAMPLE,1241,12410000,,0,
12420000,IMU_SAMPLE,1242,12420000,,0,
12430000,IMU_SAMPLE,1243,12430000,,0,
12440000,IMU_SAMPLE,1244,12440000,,0,
12450000,IMU_SAMPLE,1245,12450000,,0,
12460000,IMU_SAMPLE,1246,12460000,,0,
12470000,IMU_SAMPLE,1247,12470000,,0,
12480000,IMU_SAMPLE,1248,12480000,,0,
12490000,IMU_SAMPLE,1249,12490000,,0,
12500000,IMU_SAMPLE,1250,12500000,,0,
12510000,IMU_SAMPLE,1251,12510000,,0,
12520000,IMU_SAMPLE,1252,12520000,,0,
12530000,IMU_SAMPLE,1253,12530000,,0,
12540000,IMU_SAMPLE,1254,12540000,,0,
12550000,IMU_SAMPLE,1255,12550000,,0,
12560000,IMU_SAMPLE,1256,12560000,,0,
12570000,IMU_SAMPLE,1257,12570000,,0,
12580000,IMU_SAMPLE,1258,12580000,,0,
12590000,IMU_SAMPLE,1259,12590000,,0,
12600000,IMU_SAMPLE,1260,12600000,,0,
12610000,IMU_SAMPLE,1261,12610000,,0,
12620000,IMU_SAMPLE,1262,12620000,,0,
12630000,IMU_SAMPLE,1263,12630000,,0,
12640000,IMU_SAMPLE,1264,12640000,,0,
12650000,IMU_SAMPLE,1265,12650000,,0,
12660000,IMU_SAMPLE,1266,12660000,,0,
12670000,IMU_SAMPLE,1267,12670000,,0,
12680000,IMU_SAMPLE,1268,12680000,,0,
12690000,IMU_SAMPLE,1269,12690000,,0,
12700000,IMU_SAMPLE,1270,12700000,,0,
12710000,IMU_SAMPLE,1271,12710000,,0,
12720000,IMU_SAMPLE,1272,12720000,,0,
12730000,IMU_SAMPLE,1273,12730000,,0,
12740000,IMU_SAMPLE,1274,12740000,,0,
12750000,IMU_SAMPLE,1275,12750000,,0,
12760000,IMU_SAMPLE,1276,12760000,,0,
12770000,IMU_SAMPLE,1277,12770000,,0,
12780000,IMU_SAMPLE,1278,12780000,,0,
12790000,IMU_SAMPLE,1279,12790000,,0,
12800000,IMU_SAMPLE,1280,12800000,,0,
12810000,IMU_SAMPLE,1281,12810000,,0,
12820000,IMU_SAMPLE,1282,12820000,,0,
12830000,IMU_SAMPLE,1283,12830000,,0,
12840000,IMU_SAMPLE,1284,12840000,,0,
12850000,IMU_SAMPLE,1285,12850000,,0,
12860000,IMU_SAMPLE,1286,12860000,,0,
12870000,IMU_SAMPLE,1287,12870000,,0,
12880000,IMU_SAMPLE,1288,12880000,,0,
12890000,IMU_SAMPLE,1289,12890000,,0,
12900000,IMU_SAMPLE,1290,12900000,,0,
12910000,IMU_SAMPLE,1291,12910000,,0,
12920000,IMU_SAMPLE,1292,12920000,,0,
12930000,IMU_SAMPLE,1293,12930000,,0,
12940000,IMU_SAMPLE,1294,12940000,,0,
12950000,IMU_SAMPLE,1295,12950000,,0,
12960000,IMU_SAMPLE,1296,12960000,,0,
12970000,IMU_SAMPLE,1297,12970000,,0,
12980000,IMU_SAMPLE,1298,12980000,,0,
12990000,IMU_SAMPLE,1299,12990000,,0,
13000000,PPS_EDGE,1300,13000000,13000202,1,
13010000,IMU_SAMPLE,1301,13010000,,0,
13020000,IMU_SAMPLE,1302,13020000,,0,
13030000,IMU_SAMPLE,1303,13030000,,0,
13040000,IMU_SAMPLE,1304,13040000,,0,
13050000,IMU_SAMPLE,1305,13050000,,0,
13060000,IMU_SAMPLE,1306,13060000,,0,
13070000,IMU_SAMPLE,1307,13070000,,0,
13080000,IMU_SAMPLE,1308,13080000,,0,
13090000,IMU_SAMPLE,1309,13090000,,0,
13100000,IMU_SAMPLE,1310,13100000,,0,
13110000,IMU_SAMPLE,1311,13110000,,0,
13120000,IMU_SAMPLE,1312,13120000,,0,
13130000,IMU_SAMPLE,1313,13130000,,0,
13140000,IMU_SAMPLE,1314,13140000,,0,
13150000,IMU_SAMPLE,1315,13150000,,0,
13160000,IMU_SAMPLE,1316,13160000,,0,
13170000,IMU_SAMPLE,1317,13170000,,0,
13180000,IMU_SAMPLE,1318,13180000,,0,
13190000,IMU_SAMPLE,1319,13190000,,0,
13200000,IMU_SAMPLE,1320,13200000,,0,
13210000,IMU_SAMPLE,1321,13210000,,0,
13220000,IMU_SAMPLE,1322,13220000,,0,
13230000,IMU_SAMPLE,1323,13230000,,0,
13240000,IMU_SAMPLE,1324,13240000,,0,
13250000,IMU_SAMPLE,1325,13250000,,0,
13260000,IMU_SAMPLE,1326,13260000,,0,
13270000,IMU_SAMPLE,1327,13270000,,0,
13280000,IMU_SAMPLE,1328,13280000,,0,
13290000,IMU_SAMPLE,1329,13290000,,0,
13300000,IMU_SAMPLE,1330,13300000,,0,
13310000,IMU_SAMPLE,1331,13310000,,0,
13320000,IMU_SAMPLE,1332,13320000,,0,
13330000,IMU_SAMPLE,1333,13330000,,0,
13340000,IMU_SAMPLE,1334,13340000,,0,
13350000,IMU_SAMPLE,1335,13350000,,0,
13360000,IMU_SAMPLE,1336,13360000,,0,
13370000,IMU_SAMPLE,1337,13370000,,0,
13380000,IMU_SAMPLE,1338,13380000,,0,
13390000,IMU_SAMPLE,1339,13390000,,0,
13400000,IMU_SAMPLE,1340,13400000,,0,
13410000,IMU_SAMPLE,1341,13410000,,0,
13420000,IMU_SAMPLE,1342,13420000,,0,
13430000,IMU_SAMPLE,1343,13430000,,0,
13440000,IMU_SAMPLE,1344,13440000,,0,
13450000,IMU_SAMPLE,1345,13450000,,0,
13460000,IMU_SAMPLE,1346,13460000,,0,
13470000,IMU_SAMPLE,1347,13470000,,0,
13480000,IMU_SAMPLE,1348,13480000,,0,
13490000,IMU_SAMPLE,1349,13490000,,0,
13500000,IMU_SAMPLE,1350,13500000,,0,
13510000,IMU_SAMPLE,1351,13510000,,0,
13520000,IMU_SAMPLE,1352,13520000,,0,
13530000,IMU_SAMPLE,1353,13530000,,0,
13540000,IMU_SAMPLE,1354,13540000,,0,
13550000,IMU_SAMPLE,1355,13550000,,0,
13560000,IMU_SAMPLE,1356,13560000,,0,
13570000,IMU_SAMPLE,1357,13570000,,0,
13580000,IMU_SAMPLE,1358,13580000,,0,
13590000,IMU_SAMPLE,1359,13590000,,0,
13600000,IMU_SAMPLE,1360,13600000,,0,
13610000,IMU_SAMPLE,1361,13610000,,0,
13620000,IMU_SAMPLE,1362,13620000,,0,
13630000,IMU_SAMPLE,1363,13630000,,0,
13640000,IMU_SAMPLE,1364,13640000,,0,
13650000,IMU_SAMPLE,1365,13650000,,0,
13660000,IMU_SAMPLE,1366,13660000,,0,
13670000,IMU_SAMPLE,1367,13670000,,0,
13680000,IMU_SAMPLE,1368,13680000,,0,
13690000,IMU_SAMPLE,1369,13690000,,0,
13700000,IMU_SAMPLE,1370,13700000,,0,
13710000,IMU_SAMPLE,1371,13710000,,0,
13720000,IMU_SAMPLE,1372,13720000,,0,
13730000,IMU_SAMPLE,1373,13730000,,0,
13740000,IMU_SAMPLE,1374,13740000,,0,
13750000,IMU_SAMPLE,1375,13750000,,0,
13760000,IMU_SAMPLE,1376,13760000,,0,
13770000,IMU_SAMPLE,1377,13770000,,0,
13780000,IMU_SAMPLE,1378,13780000,,0,
13790000,IMU_SAMPLE,1379,13790000,,0,
13800000,IMU_SAMPLE,1380,13800000,,0,
13810000,IMU_SAMPLE,1381,13810000,,0,
13820000,IMU_SAMPLE,1382,13820000,,0,
13830000,IMU_SAMPLE,1383,13830000,,0,
13840000,IMU_SAMPLE,1384,13840000,,0,
13850000,IMU_SAMPLE,1385,13850000,,0,
13860000,IMU_SAMPLE,1386,13860000,,0,
13870000,IMU_SAMPLE,1387,13870000,,0,
13880000,IMU_SAMPLE,1388,13880000,,0,
13890000,IMU_SAMPLE,1389,13890000,,0,
13900000,IMU_SAMPLE,1390,13900000,,0,
13910000,IMU_SAMPLE,1391,13910000,,0,
13920000,IMU_SAMPLE,1392,13920000,,0,
13930000,IMU_SAMPLE,1393,13930000,,0,
13940000,IMU_SAMPLE,1394,13940000,,0,
13950000,IMU_SAMPLE,1395,13950000,,0,
13960000,IMU_SAMPLE,1396,13960000,,0,
13970000,IMU_SAMPLE,1397,13970000,,0,
13980000,IMU_SAMPLE,1398,13980000,,0,
13990000,IMU_SAMPLE,1399,13990000,,0,
14000000,PPS_EDGE,1400,14000000,14000185,1,
14010000,IMU_SAMPLE,1401,14010000,,0,
14020000,IMU_SAMPLE,1402,14020000,,0,
14030000,IMU_SAMPLE,1403,14030000,,0,
14040000,IMU_SAMPLE,1404,14040000,,0,
14050000,IMU_SAMPLE,1405,14050000,,0,
14060000,IMU_SAMPLE,1406,14060000,,0,
14070000,IMU_SAMPLE,1407,14070000,,0,
14080000,IMU_SAMPLE,1408,14080000,,0,
14090000,IMU_SAMPLE,1409,14090000,,0,
14100000,IMU_SAMPLE,1410,14100000,,0,
14110000,IMU_SAMPLE,1411,14110000,,0,
14120000,IMU_SAMPLE,1412,14120000,,0,
14130000,IMU_SAMPLE,1413,14130000,,0,
14140000,IMU_SAMPLE,1414,14140000,,0,
14150000,IMU_SAMPLE,1415,14150000,,0,
14160000,IMU_SAMPLE,1416,14160000,,0,
14170000,IMU_SAMPLE,1417,14170000,,0,
14180000,IMU_SAMPLE,1418,14180000,,0,
14190000,IMU_SAMPLE,1419,14190000,,0,
14200000,IMU_SAMPLE,1420,14200000,,0,
14210000,IMU_SAMPLE,1421,14210000,,0,
14220000,IMU_SAMPLE,1422,14220000,,0,
14230000,IMU_SAMPLE,1423,14230000,,0,
14240000,IMU_SAMPLE,1424,14240000,,0,
14250000,IMU_SAMPLE,1425,14250000,,0,
14260000,IMU_SAMPLE,1426,14260000,,0,
14270000,IMU_SAMPLE,1427,14270000,,0,
14280000,IMU_SAMPLE,1428,14280000,,0,
14290000,IMU_SAMPLE,1429,14290000,,0,
14300000,IMU_SAMPLE,1430,14300000,,0,
14310000,IMU_SAMPLE,1431,14310000,,0,
14320000,IMU_SAMPLE,1432,14320000,,0,
14330000,IMU_SAMPLE,1433,14330000,,0,
14340000,IMU_SAMPLE,1434,14340000,,0,
14350000,IMU_SAMPLE,1435,14350000,,0,
14360000,IMU_SAMPLE,1436,14360000,,0,
14370000,IMU_SAMPLE,1437,14370000,,0,
14380000,IMU_SAMPLE,1438,14380000,,0,
14390000,IMU_SAMPLE,1439,14390000,,0,
14400000,IMU_SAMPLE,1440,14400000,,0,
14410000,IMU_SAMPLE,1441,14410000,,0,
14420000,IMU_SAMPLE,1442,14420000,,0,
14430000,IMU_SAMPLE,1443,14430000,,0,
14440000,IMU_SAMPLE,1444,14440000,,0,
14450000,IMU_SAMPLE,1445,14450000,,0,
14460000,IMU_SAMPLE,1446,14460000,,0,
14470000,IMU_SAMPLE,1447,14470000,,0,
14480000,IMU_SAMPLE,1448,14480000,,0,
14490000,IMU_SAMPLE,1449,14490000,,0,
14500000,IMU_SAMPLE,1450,14500000,,0,
14510000,IMU_SAMPLE,1451,14510000,,0,
14520000,IMU_SAMPLE,1452,14520000,,0,
14530000,IMU_SAMPLE,1453,14530000,,0,
14540000,IMU_SAMPLE,1454,14540000,,0,
14550000,IMU_SAMPLE,1455,14550000,,0,
14560000,IMU_SAMPLE,1456,14560000,,0,
14570000,IMU_SAMPLE,1457,14570000,,0,
14580000,IMU_SAMPLE,1458,14580000,,0,
14590000,IMU_SAMPLE,1459,14590000,,0,
14600000,IMU_SAMPLE,1460,14600000,,0,
14610000,IMU_SAMPLE,1461,14610000,,0,
14620000,IMU_SAMPLE,1462,14620000,,0,
14630000,IMU_SAMPLE,1463,14630000,,0,
14640000,IMU_SAMPLE,1464,14640000,,0,
14650000,IMU_SAMPLE,1465,14650000,,0,
14660000,IMU_SAMPLE,1466,14660000,,0,
14670000,IMU_SAMPLE,1467,14670000,,0,
14680000,IMU_SAMPLE,1468,14680000,,0,
14690000,IMU_SAMPLE,1469,14690000,,0,
14700000,IMU_SAMPLE,1470,14700000,,0,
14710000,IMU_SAMPLE,1471,14710000,,0,
14720000,IMU_SAMPLE,1472,14720000,,0,
14730000,IMU_SAMPLE,1473,14730000,,0,
14740000,IMU_SAMPLE,1474,14740000,,0,
14750000,IMU_SAMPLE,1475,14750000,,0,
14760000,IMU_SAMPLE,1476,14760000,,0,
14770000,IMU_SAMPLE,1477,14770000,,0,
14780000,IMU_SAMPLE,1478,14780000,,0,
14790000,IMU_SAMPLE,1479,14790000,,0,
14800000,IMU_SAMPLE,1480,14800000,,0,
14810000,IMU_SAMPLE,1481,14810000,,0,
14820000,IMU_SAMPLE,1482,14820000,,0,
14830000,IMU_SAMPLE,1483,14830000,,0,
14840000,IMU_SAMPLE,1484,14840000,,0,
14850000,IMU_SAMPLE,1485,14850000,,0,
14860000,IMU_SAMPLE,1486,14860000,,0,
14870000,IMU_SAMPLE,1487,14870000,,0,
14880000,IMU_SAMPLE,1488,14880000,,0,
14890000,IMU_SAMPLE,1489,14890000,,0,
14900000,IMU_SAMPLE,1490,14900000,,0,
14910000,IMU_SAMPLE,1491,14910000,,0,
14920000,IMU_SAMPLE,1492,14920000,,0,
14930000,IMU_SAMPLE,1493,14930000,,0,
14940000,IMU_SAMPLE,1494,14940000,,0,
14950000,IMU_SAMPLE,1495,14950000,,0,
14960000,IMU_SAMPLE,1496,14960000,,0,
14970000,IMU_SAMPLE,1497,14970000,,0,
14980000,IMU_SAMPLE,1498,14980000,,0,
14990000,IMU_SAMPLE,1499,14990000,,0,
15000000,PPS_EDGE,1500,15000000,15000179,1,
15010000,IMU_SAMPLE,1501,15010000,,0,
15020000,IMU_SAMPLE,1502,15020000,,0,
15030000,IMU_SAMPLE,1503,15030000,,0,
15040000,IMU_SAMPLE,1504,15040000,,0,
15050000,IMU_SAMPLE,1505,15050000,,0,
15060000,IMU_SAMPLE,1506,15060000,,0,
15070000,IMU_SAMPLE,1507,15070000,,0,
15080000,IMU_SAMPLE,1508,15080000,,0,
15090000,IMU_SAMPLE,1509,15090000,,0,
15100000,IMU_SAMPLE,1510,15100000,,0,
15110000,IMU_SAMPLE,1511,15110000,,0,
15120000,IMU_SAMPLE,1512,15120000,,0,
15130000,IMU_SAMPLE,1513,15130000,,0,
15140000,IMU_SAMPLE,1514,15140000,,0,
15150000,IMU_SAMPLE,1515,15150000,,0,
15160000,IMU_SAMPLE,1516,15160000,,0,
15170000,IMU_SAMPLE,1517,15170000,,0,
15180000,IMU_SAMPLE,1518,15180000,,0,
15190000,IMU_SAMPLE,1519,15190000,,0,
15200000,IMU_SAMPLE,1520,15200000,,0,
15210000,IMU_SAMPLE,1521,15210000,,0,
15220000,IMU_SAMPLE,1522,15220000,,0,
15230000,IMU_SAMPLE,1523,15230000,,0,
15240000,IMU_SAMPLE,1524,15240000,,0,
15250000,IMU_SAMPLE,1525,15250000,,0,
15260000,IMU_SAMPLE,1526,15260000,,0,
15270000,IMU_SAMPLE,1527,15270000,,0,
15280000,IMU_SAMPLE,1528,15280000,,0,
15290000,IMU_SAMPLE,1529,15290000,,0,
15300000,IMU_SAMPLE,1530,15300000,,0,
15310000,IMU_SAMPLE,1531,15310000,,0,
15320000,IMU_SAMPLE,1532,15320000,,0,
15330000,IMU_SAMPLE,1533,15330000,,0,
15340000,IMU_SAMPLE,1534,15340000,,0,
15350000,IMU_SAMPLE,1535,15350000,,0,
15360000,IMU_SAMPLE,1536,15360000,,0,
15370000,IMU_SAMPLE,1537,15370000,,0,
15380000,IMU_SAMPLE,1538,15380000,,0,
15390000,IMU_SAMPLE,1539,15390000,,0,
15400000,IMU_SAMPLE,1540,15400000,,0,
15410000,IMU_SAMPLE,1541,15410000,,0,
15420000,IMU_SAMPLE,1542,15420000,,0,
15430000,IMU_SAMPLE,1543,15430000,,0,
15440000,IMU_SAMPLE,1544,15440000,,0,
15450000,IMU_SAMPLE,1545,15450000,,0,
15460000,IMU_SAMPLE,1546,15460000,,0,
15470000,IMU_SAMPLE,1547,15470000,,0,
15480000,IMU_SAMPLE,1548,15480000,,0,
15490000,IMU_SAMPLE,1549,15490000,,0,
15500000,IMU_SAMPLE,1550,15500000,,0,
15510000,IMU_SAMPLE,1551,15510000,,0,
15520000,IMU_SAMPLE,1552,15520000,,0,
15530000,IMU_SAMPLE,1553,15530000,,0,
15540000,IMU_SAMPLE,1554,15540000,,0,
15550000,IMU_SAMPLE,1555,15550000,,0,
15560000,IMU_SAMPLE,1556,15560000,,0,
15570000,IMU_SAMPLE,1557,15570000,,0,
15580000,IMU_SAMPLE,1558,15580000,,0,
15590000,IMU_SAMPLE,1559,15590000,,0,
15600000,IMU_SAMPLE,1560,15600000,,0,
15610000,IMU_SAMPLE,1561,15610000,,0,
15620000,IMU_SAMPLE,1562,15620000,,0,
15630000,IMU_SAMPLE,1563,15630000,,0,
15640000,IMU_SAMPLE,1564,15640000,,0,
15650000,IMU_SAMPLE,1565,15650000,,0,
15660000,IMU_SAMPLE,1566,15660000,,0,
15670000,IMU_SAMPLE,1567,15670000,,0,
15680000,IMU_SAMPLE,1568,15680000,,0,
15690000,IMU_SAMPLE,1569,15690000,,0,
15700000,IMU_SAMPLE,1570,15700000,,0,
15710000,IMU_SAMPLE,1571,15710000,,0,
15720000,IMU_SAMPLE,1572,15720000,,0,
15730000,IMU_SAMPLE,1573,15730000,,0,
15740000,IMU_SAMPLE,1574,15740000,,0,
15750000,IMU_SAMPLE,1575,15750000,,0,
15760000,IMU_SAMPLE,1576,15760000,,0,
15770000,IMU_SAMPLE,1577,15770000,,0,
15780000,IMU_SAMPLE,1578,15780000,,0,
15790000,IMU_SAMPLE,1579,15790000,,0,
15800000,IMU_SAMPLE,1580,15800000,,0,
15810000,IMU_SAMPLE,1581,15810000,,0,
15820000,IMU_SAMPLE,1582,15820000,,0,
15830000,IMU_SAMPLE,1583,15830000,,0,
15840000,IMU_SAMPLE,1584,15840000,,0,
15850000,IMU_SAMPLE,1585,15850000,,0,
15860000,IMU_SAMPLE,1586,15860000,,0,
15870000,IMU_SAMPLE,1587,15870000,,0,
15880000,IMU_SAMPLE,1588,15880000,,0,
15890000,IMU_SAMPLE,1589,15890000,,0,
15900000,IMU_SAMPLE,1590,15900000,,0,
15910000,IMU_SAMPLE,1591,15910000,,0,
15920000,IMU_SAMPLE,1592,15920000,,0,
15930000,IMU_SAMPLE,1593,15930000,,0,
15940000,IMU_SAMPLE,1594,15940000,,0,
15950000,IMU_SAMPLE,1595,15950000,,0,
15960000,IMU_SAMPLE,1596,15960000,,0,
15970000,IMU_SAMPLE,1597,15970000,,0,
15980000,IMU_SAMPLE,1598,15980000,,0,
15990000,IMU_SAMPLE,1599,15990000,,0,
16000000,PPS_EDGE,1600,16000000,16000204,1,
16010000,IMU_SAMPLE,1601,16010000,,0,
16020000,IMU_SAMPLE,1602,16020000,,0,
16030000,IMU_SAMPLE,1603,16030000,,0,
16040000,IMU_SAMPLE,1604,16040000,,0,
16050000,IMU_SAMPLE,1605,16050000,,0,
16060000,IMU_SAMPLE,1606,16060000,,0,
16070000,IMU_SAMPLE,1607,16070000,,0,
16080000,IMU_SAMPLE,1608,16080000,,0,
16090000,IMU_SAMPLE,1609,16090000,,0,
16100000,IMU_SAMPLE,1610,16100000,,0,
16110000,IMU_SAMPLE,1611,16110000,,0,
16120000,IMU_SAMPLE,1612,16120000,,0,
16130000,IMU_SAMPLE,1613,16130000,,0,
16140000,IMU_SAMPLE,1614,16140000,,0,
16150000,IMU_SAMPLE,1615,16150000,,0,
16160000,IMU_SAMPLE,1616,16160000,,0,
16170000,IMU_SAMPLE,1617,16170000,,0,
16180000,IMU_SAMPLE,1618,16180000,,0,
16190000,IMU_SAMPLE,1619,16190000,,0,
16200000,IMU_SAMPLE,1620,16200000,,0,
16210000,IMU_SAMPLE,1621,16210000,,0,
16220000,IMU_SAMPLE,1622,16220000,,0,
16230000,IMU_SAMPLE,1623,16230000,,0,
16240000,IMU_SAMPLE,1624,16240000,,0,
16250000,IMU_SAMPLE,1625,16250000,,0,
16260000,IMU_SAMPLE,1626,16260000,,0,
16270000,IMU_SAMPLE,1627,16270000,,0,
16280000,IMU_SAMPLE,1628,16280000,,0,
16290000,IMU_SAMPLE,1629,16290000,,0,
16300000,IMU_SAMPLE,1630,16300000,,0,
16310000,IMU_SAMPLE,1631,16310000,,0,
16320000,IMU_SAMPLE,1632,16320000,,0,
16330000,IMU_SAMPLE,1633,16330000,,0,
16340000,IMU_SAMPLE,1634,16340000,,0,
16350000,IMU_SAMPLE,1635,16350000,,0,
16360000,IMU_SAMPLE,1636,16360000,,0,
16370000,IMU_SAMPLE,1637,16370000,,0,
16380000,IMU_SAMPLE,1638,16380000,,0,
16390000,IMU_SAMPLE,1639,16390000,,0,
16400000,IMU_SAMPLE,1640,16400000,,0,
16410000,IMU_SAMPLE,1641,16410000,,0,
16420000,IMU_SAMPLE,1642,16420000,,0,
16430000,IMU_SAMPLE,1643,16430000,,0,
16440000,IMU_SAMPLE,1644,16440000,,0,
16450000,IMU_SAMPLE,1645,16450000,,0,
16460000,IMU_SAMPLE,1646,16460000,,0,
16470000,IMU_SAMPLE,1647,16470000,,0,
16480000,IMU_SAMPLE,1648,16480000,,0,
16490000,IMU_SAMPLE,1649,16490000,,0,
16500000,IMU_SAMPLE,1650,16500000,,0,
16510000,IMU_SAMPLE,1651,16510000,,0,
16520000,IMU_SAMPLE,1652,16520000,,0,
16530000,IMU_SAMPLE,1653,16530000,,0,
16540000,IMU_SAMPLE,1654,16540000,,0,
16550000,IMU_SAMPLE,1655,16550000,,0,
16560000,IMU_SAMPLE,1656,16560000,,0,
16570000,IMU_SAMPLE,1657,16570000,,0,
16580000,IMU_SAMPLE,1658,16580000,,0,
16590000,IMU_SAMPLE,1659,16590000,,0,
16600000,IMU_SAMPLE,1660,16600000,,0,
16610000,IMU_SAMPLE,1661,16610000,,0,
16620000,IMU_SAMPLE,1662,16620000,,0,
16630000,IMU_SAMPLE,1663,16630000,,0,
16640000,IMU_SAMPLE,1664,16640000,,0,
16650000,IMU_SAMPLE,1665,16650000,,0,
16660000,IMU_SAMPLE,1666,16660000,,0,
16670000,IMU_SAMPLE,1667,16670000,,0,
16680000,IMU_SAMPLE,1668,16680000,,0,
16690000,IMU_SAMPLE,1669,16690000,,0,
16700000,IMU_SAMPLE,1670,16700000,,0,
16710000,IMU_SAMPLE,1671,16710000,,0,
16720000,IMU_SAMPLE,1672,16720000,,0,
16730000,IMU_SAMPLE,1673,16730000,,0,
16740000,IMU_SAMPLE,1674,16740000,,0,
16750000,IMU_SAMPLE,1675,16750000,,0,
16760000,IMU_SAMPLE,1676,16760000,,0,
16770000,IMU_SAMPLE,1677,16770000,,0,
16780000,IMU_SAMPLE,1678,16780000,,0,
16790000,IMU_SAMPLE,1679,16790000,,0,
16800000,IMU_SAMPLE,1680,16800000,,0,
16810000,IMU_SAMPLE,1681,16810000,,0,
16820000,IMU_SAMPLE,1682,16820000,,0,
16830000,IMU_SAMPLE,1683,16830000,,0,
16840000,IMU_SAMPLE,1684,16840000,,0,
16850000,IMU_SAMPLE,1685,16850000,,0,
16860000,IMU_SAMPLE,1686,16860000,,0,
16870000,IMU_SAMPLE,1687,16870000,,0,
16880000,IMU_SAMPLE,1688,16880000,,0,
16890000,IMU_SAMPLE,1689,16890000,,0,
16900000,IMU_SAMPLE,1690,16900000,,0,
16910000,IMU_SAMPLE,1691,16910000,,0,
16920000,IMU_SAMPLE,1692,16920000,,0,
16930000,IMU_SAMPLE,1693,16930000,,0,
16940000,IMU_SAMPLE,1694,16940000,,0,
16950000,IMU_SAMPLE,1695,16950000,,0,
16960000,IMU_SAMPLE,1696,16960000,,0,
16970000,IMU_SAMPLE,1697,16970000,,0,
16980000,IMU_SAMPLE,1698,16980000,,0,
16990000,IMU_SAMPLE,1699,16990000,,0,
17000000,PPS_EDGE,1700,17000000,17000226,1,
17010000,IMU_SAMPLE,1701,17010000,,0,
17020000,IMU_SAMPLE,1702,17020000,,0,
17030000,IMU_SAMPLE,1703,17030000,,0,
17040000,IMU_SAMPLE,1704,17040000,,0,
17050000,IMU_SAMPLE,1705,17050000,,0,
17060000,IMU_SAMPLE,1706,17060000,,0,
17070000,IMU_SAMPLE,1707,17070000,,0,
17080000,IMU_SAMPLE,1708,17080000,,0,
17090000,IMU_SAMPLE,1709,17090000,,0,
17100000,IMU_SAMPLE,1710,17100000,,0,
17110000,IMU_SAMPLE,1711,17110000,,0,
17120000,IMU_SAMPLE,1712,17120000,,0,
17130000,IMU_SAMPLE,1713,17130000,,0,
17140000,IMU_SAMPLE,1714,17140000,,0,
17150000,IMU_SAMPLE,1715,17150000,,0,
17160000,IMU_SAMPLE,1716,17160000,,0,
17170000,IMU_SAMPLE,1717,17170000,,0,
17180000,IMU_SAMPLE,1718,17180000,,0,
17190000,IMU_SAMPLE,1719,17190000,,0,
17200000,IMU_SAMPLE,1720,17200000,,0,
17210000,IMU_SAMPLE,1721,17210000,,0,
17220000,IMU_SAMPLE,1722,17220000,,0,
17230000,IMU_SAMPLE,1723,17230000,,0,
17240000,IMU_SAMPLE,1724,17240000,,0,
17250000,IMU_SAMPLE,1725,17250000,,0,
17260000,IMU_SAMPLE,1726,17260000,,0,
17270000,IMU_SAMPLE,1727,17270000,,0,
17280000,IMU_SAMPLE,1728,17280000,,0,
17290000,IMU_SAMPLE,1729,17290000,,0,
17300000,IMU_SAMPLE,1730,17300000,,0,
17310000,IMU_SAMPLE,1731,17310000,,0,
17320000,IMU_SAMPLE,1732,17320000,,0,
17330000,IMU_SAMPLE,1733,17330000,,0,
17340000,IMU_SAMPLE,1734,17340000,,0,
17350000,IMU_SAMPLE,1735,17350000,,0,
17360000,IMU_SAMPLE,1736,17360000,,0,
17370000,IMU_SAMPLE,1737,17370000,,0,
17380000,IMU_SAMPLE,1738,17380000,,0,
17390000,IMU_SAMPLE,1739,17390000,,0,
17400000,IMU_SAMPLE,1740,17400000,,0,
17410000,IMU_SAMPLE,1741,17410000,,0,
17420000,IMU_SAMPLE,1742,17420000,,0,
17430000,IMU_SAMPLE,1743,17430000,,0,
17440000,IMU_SAMPLE,1744,17440000,,0,
17450000,IMU_SAMPLE,1745,17450000,,0,
17460000,IMU_SAMPLE,1746,17460000,,0,
17470000,IMU_SAMPLE,1747,17470000,,0,
17480000,IMU_SAMPLE,1748,17480000,,0,
17490000,IMU_SAMPLE,1749,17490000,,0,
17500000,IMU_SAMPLE,1750,17500000,,0,
17510000,IMU_SAMPLE,1751,17510000,,0,
17520000,IMU_SAMPLE,1752,17520000,,0,
17530000,IMU_SAMPLE,1753,17530000,,0,
17540000,IMU_SAMPLE,1754,17540000,,0,
17550000,IMU_SAMPLE,1755,17550000,,0,
17560000,IMU_SAMPLE,1756,17560000,,0,
17570000,IMU_SAMPLE,1757,17570000,,0,
17580000,IMU_SAMPLE,1758,17580000,,0,
17590000,IMU_SAMPLE,1759,17590000,,0,
17600000,IMU_SAMPLE,1760,17600000,,0,
17610000,IMU_SAMPLE,1761,17610000,,0,
17620000,IMU_SAMPLE,1762,17620000,,0,
17630000,IMU_SAMPLE,1763,17630000,,0,
17640000,IMU_SAMPLE,1764,17640000,,0,
17650000,IMU_SAMPLE,1765,17650000,,0,
17660000,IMU_SAMPLE,1766,17660000,,0,
17670000,IMU_SAMPLE,1767,17670000,,0,
17680000,IMU_SAMPLE,1768,17680000,,0,
17690000,IMU_SAMPLE,1769,17690000,,0,
17700000,IMU_SAMPLE,1770,17700000,,0,
17710000,IMU_SAMPLE,1771,17710000,,0,
17720000,IMU_SAMPLE,1772,17720000,,0,
17730000,IMU_SAMPLE,1773,17730000,,0,
17740000,IMU_SAMPLE,1774,17740000,,0,
17750000,IMU_SAMPLE,1775,17750000,,0,
17760000,IMU_SAMPLE,1776,17760000,,0,
17770000,IMU_SAMPLE,1777,17770000,,0,
17780000,IMU_SAMPLE,1778,17780000,,0,
17790000,IMU_SAMPLE,1779,17790000,,0,
17800000,IMU_SAMPLE,1780,17800000,,0,
17810000,IMU_SAMPLE,1781,17810000,,0,
17820000,IMU_SAMPLE,1782,17820000,,0,
17830000,IMU_SAMPLE,1783,17830000,,0,
17840000,IMU_SAMPLE,1784,17840000,,0,
17850000,IMU_SAMPLE,1785,17850000,,0,
17860000,IMU_SAMPLE,1786,17860000,,0,
17870000,IMU_SAMPLE,1787,17870000,,0,
17880000,IMU_SAMPLE,1788,17880000,,0,
17890000,IMU_SAMPLE,1789,17890000,,0,
17900000,IMU_SAMPLE,1790,17900000,,0,
17910000,IMU_SAMPLE,1791,17910000,,0,
17920000,IMU_SAMPLE,1792,17920000,,0,
17930000,IMU_SAMPLE,1793,17930000,,0,
17940000,IMU_SAMPLE,1794,17940000,,0,
17950000,IMU_SAMPLE,1795,17950000,,0,
17960000,IMU_SAMPLE,1796,17960000,,0,
17970000,IMU_SAMPLE,1797,17970000,,0,
17980000,IMU_SAMPLE,1798,17980000,,0,
17990000,IMU_SAMPLE,1799,17990000,,0,
18000000,PPS_EDGE,1800,18000000,18000200,1,
18010000,IMU_SAMPLE,1801,18010000,,0,
18020000,IMU_SAMPLE,1802,18020000,,0,
18030000,IMU_SAMPLE,1803,18030000,,0,
18040000,IMU_SAMPLE,1804,18040000,,0,
18050000,IMU_SAMPLE,1805,18050000,,0,
18060000,IMU_SAMPLE,1806,18060000,,0,
18070000,IMU_SAMPLE,1807,18070000,,0,
18080000,IMU_SAMPLE,1808,18080000,,0,
18090000,IMU_SAMPLE,1809,18090000,,0,
18100000,IMU_SAMPLE,1810,18100000,,0,
18110000,IMU_SAMPLE,1811,18110000,,0,
18120000,IMU_SAMPLE,1812,18120000,,0,
18130000,IMU_SAMPLE,1813,18130000,,0,
18140000,IMU_SAMPLE,1814,18140000,,0,
18150000,IMU_SAMPLE,1815,18150000,,0,
18160000,IMU_SAMPLE,1816,18160000,,0,
18170000,IMU_SAMPLE,1817,18170000,,0,
18180000,IMU_SAMPLE,1818,18180000,,0,
18190000,IMU_SAMPLE,1819,18190000,,0,
18200000,IMU_SAMPLE,1820,18200000,,0,
18210000,IMU_SAMPLE,1821,18210000,,0,
18220000,IMU_SAMPLE,1822,18220000,,0,
18230000,IMU_SAMPLE,1823,18230000,,0,
18240000,IMU_SAMPLE,1824,18240000,,0,
18250000,IMU_SAMPLE,1825,18250000,,0,
18260000,IMU_SAMPLE,1826,18260000,,0,
18270000,IMU_SAMPLE,1827,18270000,,0,
18280000,IMU_SAMPLE,1828,18280000,,0,
18290000,IMU_SAMPLE,1829,18290000,,0,
18300000,IMU_SAMPLE,1830,18300000,,0,
18310000,IMU_SAMPLE,1831,18310000,,0,
18320000,IMU_SAMPLE,1832,18320000,,0,
18330000,IMU_SAMPLE,1833,18330000,,0,
18340000,IMU_SAMPLE,1834,18340000,,0,
18350000,IMU_SAMPLE,1835,18350000,,0,
18360000,IMU_SAMPLE,1836,18360000,,0,
18370000,IMU_SAMPLE,1837,18370000,,0,
18380000,IMU_SAMPLE,1838,18380000,,0,
18390000,IMU_SAMPLE,1839,18390000,,0,
18400000,IMU_SAMPLE,1840,18400000,,0,
18410000,IMU_SAMPLE,1841,18410000,,0,
18420000,IMU_SAMPLE,1842,18420000,,0,
18430000,IMU_SAMPLE,1843,18430000,,0,
18440000,IMU_SAMPLE,1844,18440000,,0,
18450000,IMU_SAMPLE,1845,18450000,,0,
18460000,IMU_SAMPLE,1846,18460000,,0,
18470000,IMU_SAMPLE,1847,18470000,,0,
18480000,IMU_SAMPLE,1848,18480000,,0,
18490000,IMU_SAMPLE,1849,18490000,,0,
18500000,IMU_SAMPLE,1850,18500000,,0,
18510000,IMU_SAMPLE,1851,18510000,,0,
18520000,IMU_SAMPLE,1852,18520000,,0,
18530000,IMU_SAMPLE,1853,18530000,,0,
18540000,IMU_SAMPLE,1854,18540000,,0,
18550000,IMU_SAMPLE,1855,18550000,,0,
18560000,IMU_SAMPLE,1856,18560000,,0,
18570000,IMU_SAMPLE,1857,18570000,,0,
18580000,IMU_SAMPLE,1858,18580000,,0,
18590000,IMU_SAMPLE,1859,18590000,,0,
18600000,IMU_SAMPLE,1860,18600000,,0,
18610000,IMU_SAMPLE,1861,18610000,,0,
18620000,IMU_SAMPLE,1862,18620000,,0,
18630000,IMU_SAMPLE,1863,18630000,,0,
18640000,IMU_SAMPLE,1864,18640000,,0,
18650000,IMU_SAMPLE,1865,18650000,,0,
18660000,IMU_SAMPLE,1866,18660000,,0,
18670000,IMU_SAMPLE,1867,18670000,,0,
18680000,IMU_SAMPLE,1868,18680000,,0,
18690000,IMU_SAMPLE,1869,18690000,,0,
18700000,IMU_SAMPLE,1870,18700000,,0,
18710000,IMU_SAMPLE,1871,18710000,,0,
18720000,IMU_SAMPLE,1872,18720000,,0,
18730000,IMU_SAMPLE,1873,18730000,,0,
18740000,IMU_SAMPLE,1874,18740000,,0,
18750000,IMU_SAMPLE,1875,18750000,,0,
18760000,IMU_SAMPLE,1876,18760000,,0,
18770000,IMU_SAMPLE,1877,18770000,,0,
18780000,IMU_SAMPLE,1878,18780000,,0,
18790000,IMU_SAMPLE,1879,18790000,,0,
18800000,IMU_SAMPLE,1880,18800000,,0,
18810000,IMU_SAMPLE,1881,18810000,,0,
18820000,IMU_SAMPLE,1882,18820000,,0,
18830000,IMU_SAMPLE,1883,18830000,,0,
18840000,IMU_SAMPLE,1884,18840000,,0,
18850000,IMU_SAMPLE,1885,18850000,,0,
18860000,IMU_SAMPLE,1886,18860000,,0,
18870000,IMU_SAMPLE,1887,18870000,,0,
18880000,IMU_SAMPLE,1888,18880000,,0,
18890000,IMU_SAMPLE,1889,18890000,,0,
18900000,IMU_SAMPLE,1890,18900000,,0,
18910000,IMU_SAMPLE,1891,18910000,,0,
18920000,IMU_SAMPLE,1892,18920000,,0,
18930000,IMU_SAMPLE,1893,18930000,,0,
18940000,IMU_SAMPLE,1894,18940000,,0,
18950000,IMU_SAMPLE,1895,18950000,,0,
18960000,IMU_SAMPLE,1896,18960000,,0,
18970000,IMU_SAMPLE,1897,18970000,,0,
18980000,IMU_SAMPLE,1898,18980000,,0,
18990000,IMU_SAMPLE,1899,18990000,,0,
19000000,PPS_EDGE,1900,19000000,19000197,1,
19010000,IMU_SAMPLE,1901,19010000,,0,
19020000,IMU_SAMPLE,1902,19020000,,0,
19030000,IMU_SAMPLE,1903,19030000,,0,
19040000,IMU_SAMPLE,1904,19040000,,0,
19050000,IMU_SAMPLE,1905,19050000,,0,
19060000,IMU_SAMPLE,1906,19060000,,0,
19070000,IMU_SAMPLE,1907,19070000,,0,
19080000,IMU_SAMPLE,1908,19080000,,0,
19090000,IMU_SAMPLE,1909,19090000,,0,
19100000,IMU_SAMPLE,1910,19100000,,0,
19110000,IMU_SAMPLE,1911,19110000,,0,
19120000,IMU_SAMPLE,1912,19120000,,0,
19130000,IMU_SAMPLE,1913,19130000,,0,
19140000,IMU_SAMPLE,1914,19140000,,0,
19150000,IMU_SAMPLE,1915,19150000,,0,
19160000,IMU_SAMPLE,1916,19160000,,0,
19170000,IMU_SAMPLE,1917,19170000,,0,
19180000,IMU_SAMPLE,1918,19180000,,0,
19190000,IMU_SAMPLE,1919,19190000,,0,
19200000,IMU_SAMPLE,1920,19200000,,0,
19210000,IMU_SAMPLE,1921,19210000,,0,
19220000,IMU_SAMPLE,1922,19220000,,0,
19230000,IMU_SAMPLE,1923,19230000,,0,
19240000,IMU_SAMPLE,1924,19240000,,0,
19250000,IMU_SAMPLE,1925,19250000,,0,
19260000,IMU_SAMPLE,1926,19260000,,0,
19270000,IMU_SAMPLE,1927,19270000,,0,
19280000,IMU_SAMPLE,1928,19280000,,0,
19290000,IMU_SAMPLE,1929,19290000,,0,
19300000,IMU_SAMPLE,1930,19300000,,0,
19310000,IMU_SAMPLE,1931,19310000,,0,
19320000,IMU_SAMPLE,1932,19320000,,0,
19330000,IMU_SAMPLE,1933,19330000,,0,
19340000,IMU_SAMPLE,1934,19340000,,0,
19350000,IMU_SAMPLE,1935,19350000,,0,
19360000,IMU_SAMPLE,1936,19360000,,0,
19370000,IMU_SAMPLE,1937,19370000,,0,
19380000,IMU_SAMPLE,1938,19380000,,0,
19390000,IMU_SAMPLE,1939,19390000,,0,
19400000,IMU_SAMPLE,1940,19400000,,0,
19410000,IMU_SAMPLE,1941,19410000,,0,
19420000,IMU_SAMPLE,1942,19420000,,0,
19430000,IMU_SAMPLE,1943,19430000,,0,
19440000,IMU_SAMPLE,1944,19440000,,0,
19450000,IMU_SAMPLE,1945,19450000,,0,
19460000,IMU_SAMPLE,1946,19460000,,0,
19470000,IMU_SAMPLE,1947,19470000,,0,
19480000,IMU_SAMPLE,1948,19480000,,0,
19490000,IMU_SAMPLE,1949,19490000,,0,
19500000,IMU_SAMPLE,1950,19500000,,0,
19510000,IMU_SAMPLE,1951,19510000,,0,
19520000,IMU_SAMPLE,1952,19520000,,0,
19530000,IMU_SAMPLE,1953,19530000,,0,
19540000,IMU_SAMPLE,1954,19540000,,0,
19550000,IMU_SAMPLE,1955,19550000,,0,
19560000,IMU_SAMPLE,1956,19560000,,0,
19570000,IMU_SAMPLE,1957,19570000,,0,
19580000,IMU_SAMPLE,1958,19580000,,0,
19590000,IMU_SAMPLE,1959,19590000,,0,
19600000,IMU_SAMPLE,1960,19600000,,0,
19610000,IMU_SAMPLE,1961,19610000,,0,
19620000,IMU_SAMPLE,1962,19620000,,0,
19630000,IMU_SAMPLE,1963,19630000,,0,
19640000,IMU_SAMPLE,1964,19640000,,0,
19650000,IMU_SAMPLE,1965,19650000,,0,
19660000,IMU_SAMPLE,1966,19660000,,0,
19670000,IMU_SAMPLE,1967,19670000,,0,
19680000,IMU_SAMPLE,1968,19680000,,0,
19690000,IMU_SAMPLE,1969,19690000,,0,
19700000,IMU_SAMPLE,1970,19700000,,0,
19710000,IMU_SAMPLE,1971,19710000,,0,
19720000,IMU_SAMPLE,1972,19720000,,0,
19730000,IMU_SAMPLE,1973,19730000,,0,
19740000,IMU_SAMPLE,1974,19740000,,0,
19750000,IMU_SAMPLE,1975,19750000,,0,
19760000,IMU_SAMPLE,1976,19760000,,0,
19770000,IMU_SAMPLE,1977,19770000,,0,
19780000,IMU_SAMPLE,1978,19780000,,0,
19790000,IMU_SAMPLE,1979,19790000,,0,
19800000,IMU_SAMPLE,1980,19800000,,0,
19810000,IMU_SAMPLE,1981,19810000,,0,
19820000,IMU_SAMPLE,1982,19820000,,0,
19830000,IMU_SAMPLE,1983,19830000,,0,
19840000,IMU_SAMPLE,1984,19840000,,0,
19850000,IMU_SAMPLE,1985,19850000,,0,
19860000,IMU_SAMPLE,1986,19860000,,0,
19870000,IMU_SAMPLE,1987,19870000,,0,
19880000,IMU_SAMPLE,1988,19880000,,0,
19890000,IMU_SAMPLE,1989,19890000,,0,
19900000,IMU_SAMPLE,1990,19900000,,0,
19910000,IMU_SAMPLE,1991,19910000,,0,
19920000,IMU_SAMPLE,1992,19920000,,0,
19930000,IMU_SAMPLE,1993,19930000,,0,
19940000,IMU_SAMPLE,1994,19940000,,0,
19950000,IMU_SAMPLE,1995,19950000,,0,
19960000,IMU_SAMPLE,1996,19960000,,0,
19970000,IMU_SAMPLE,1997,19970000,,0,
19980000,IMU_SAMPLE,1998,19980000,,0,
19990000,IMU_SAMPLE,1999,19990000,,0,
